title,filename,relative_path,page_count,has_extractable_text,original_size_bytes,final_size_bytes,reduction_percent,optimization_status,visual_verification,verification_message,sha256,source_file
Aao Aao Hey Bhagawan,Aao Aao Hey Bhagawan.pdf,sheets/Aao Aao Hey Bhagawan.pdf,1,True,336442,232495,30.9,optimized_lossless,True,visual identity verified,683ad0a3de17b34ebfaf1d57399c8ce925ff17cfeb7faa50bb785f7cc75e9979,Aao Aao Hey Bhagawan.pdf
Aao Aao Nandalala,Aao Aao Nandalala.pdf,sheets/Aao Aao Nandalala.pdf,1,True,315705,216516,31.42,optimized_lossless,True,visual identity verified,dc1109710bac34130bacdc85ab79890ccabce1b7621af906e48f0dea87455836,Aao Aao Nandalala.pdf
Aao Aao Sai Pyaarey,Aao Aao Sai Pyaarey.pdf,sheets/Aao Aao Sai Pyaarey.pdf,1,True,271914,189671,30.25,optimized_lossless,True,visual identity verified,8e75baf9d97771fc88b8ef08dc79db6b21b3c06825a10749d948e5301db286fe,Aao Aao Sai Pyaarey.pdf
Aao Prabhu Aao Sai Bhagawan,Aao Prabhu Aao Sai Bhagawan.pdf,sheets/Aao Prabhu Aao Sai Bhagawan.pdf,1,True,347888,242963,30.16,optimized_lossless,True,visual identity verified,0a3b3d047463676a0d3950a0bf0b35d96a2db168d6b1d9b6a98dcf8a29305b77,Aao Prabhu Aao Sai Bhagawan.pdf
Aao Pyaarey Nayana Hamarey Sai Hamarey Aao,Aao Pyaarey Nayana Hamarey Sai Hamarey Aao.pdf,sheets/Aao Pyaarey Nayana Hamarey Sai Hamarey Aao.pdf,2,True,400541,281996,29.6,optimized_lossless,True,visual identity verified,b0d2781fb665df259d19d99b5ee51cccf0c94b28eaf4543f942560e80d6c1d8c,Aao Pyaarey Nayana Hamarey Sai Hamarey Aao.pdf
Aao Sai Gopal,Aao Sai Gopal.pdf,sheets/Aao Sai Gopal.pdf,1,True,328694,226508,31.09,optimized_lossless,True,visual identity verified,da4a66da722d6cc4fe4040986f499b169bfa3e5614d725fbe3dfeccc01e5d4da,Aao Sai Gopal.pdf
Abhaya Pradayini Ananda Roopini-Sheet-Music,Abhaya Pradayini Ananda Roopini-Sheet-Music.pdf,sheets/Abhaya Pradayini Ananda Roopini-Sheet-Music.pdf,1,True,358108,187598,47.61,optimized_lossless,True,visual identity verified,ac6061f825935ebe7542aaaedf8ba2e3f583b1cc1633aa0d956e8e7d3d81185c,Abhaya Pradayini Ananda Roopini-Sheet-Music.pdf
Adi Narayana Sai Narayana,Adi Narayana Sai Narayana.pdf,sheets/Adi Narayana Sai Narayana.pdf,1,True,312943,171089,45.33,optimized_lossless,True,visual identity verified,fb8870c484ca2a50bac0de137d33fd48a6bb1e77eb6e012bcca5d90aaa65daf7,Adi Narayana Sai Narayana.pdf
Ajanu Bahum Aravinda Netram,Ajanu Bahum Aravinda Netram.pdf,sheets/Ajanu Bahum Aravinda Netram.pdf,1,True,346438,238765,31.08,optimized_lossless,True,visual identity verified,61af8d951cc9a4f5863edb8f4f9f24499daf9d5c1c35133afa2184af43593a7d,Ajanu Bahum Aravinda Netram.pdf
Akhanda Jyothi Jalao Sai Man Mandir Mey,Akhanda Jyothi Jalao Sai Man Mandir Mey.pdf,sheets/Akhanda Jyothi Jalao Sai Man Mandir Mey.pdf,2,True,425665,291998,31.4,optimized_lossless,True,visual identity verified,ffb1d04121320beed76d4cb1feac5e473e5a0b4b882c7194172d8db9401a05cf,Akhanda Jyothi Jalao Sai Man Mandir Mey.pdf
Akhila Jagat Ke Daata Sai,Akhila Jagat Ke Daata Sai.pdf,sheets/Akhila Jagat Ke Daata Sai.pdf,2,True,615158,430569,30.01,optimized_lossless,True,visual identity verified,e4f96ad3b192ee90a105f79654d158b40ebc8f971acdfc4b33c475aae882e538,Akhila Jagat Ke Daata Sai.pdf
Alakh Niranjana Bhava Bhaya Bhanjana Narayan Narayan,Alakh Niranjana Bhava Bhaya Bhanjana Narayan Narayan.pdf,sheets/Alakh Niranjana Bhava Bhaya Bhanjana Narayan Narayan.pdf,1,True,197456,137971,30.13,optimized_lossless,True,visual identity verified,79ca36eb07685b8bcc767139c3fa36039a809c9223154edd82f72e33b4cc05f0,Alakh Niranjana Bhava Bhaya Bhanjana Narayan Narayan.pdf
Allah Allah Karo Pukar,Allah Allah Karo Pukar.pdf,sheets/Allah Allah Karo Pukar.pdf,1,True,294601,204665,30.53,optimized_lossless,True,visual identity verified,b5be0d9e91502b2d75e630b953187efdd450601e4783bc2ccd298efb5054fa92,Allah Allah Karo Pukar.pdf
Allah Allah Sai Baba,Allah Allah Sai Baba.pdf,sheets/Allah Allah Sai Baba.pdf,1,True,254975,176835,30.65,optimized_lossless,True,visual identity verified,56912dcf2660fe72bd0ffc0ac39efdff89f351af2a3c05a4e21568f7cbfcc4de,Allah Allah Sai Baba.pdf
Allah Bhajo Maulah Bhajo Hey Allah Sai Bhagawan,Allah Bhajo Maulah Bhajo Hey Allah Sai Bhagawan.pdf,sheets/Allah Bhajo Maulah Bhajo Hey Allah Sai Bhagawan.pdf,2,True,459961,317549,30.96,optimized_lossless,True,visual identity verified,7c9b7b94e9bff292a8c29171be06a24a51ac74ef3ca4c2ae541f25028eae6928,Allah Bhajo Maulah Bhajo Hey Allah Sai Bhagawan.pdf
Allah Eshwar Ek Hi Naam,Allah Eshwar Ek Hi Naam.pdf,sheets/Allah Eshwar Ek Hi Naam.pdf,2,True,403762,277647,31.23,optimized_lossless,True,visual identity verified,b569bed893e24ecfa38dcc79b45114ecbb6e97de3e861ac6c73df4c8f344916e,Allah Eshwar Ek Hi Naam.pdf
"Allah Ho Akbar, Allah Ho Akbar, Allah Ho Akbar","Allah Ho Akbar, Allah Ho Akbar, Allah Ho Akbar.pdf","sheets/Allah Ho Akbar, Allah Ho Akbar, Allah Ho Akbar.pdf",2,True,402634,276540,31.32,optimized_lossless,True,visual identity verified,751c38df6c6f59e56d8a39d8709ef715ee34c0e1a2860925888c80c59f0d2907,"Allah Ho Akbar, Allah Ho Akbar, Allah Ho Akbar.pdf"
Allah Ho Tum Eshwar Bhi Tum Mahavir Nanak Ram,Allah Ho Tum Eshwar Bhi Tum Mahavir Nanak Ram.pdf,sheets/Allah Ho Tum Eshwar Bhi Tum Mahavir Nanak Ram.pdf,2,True,384723,264602,31.22,optimized_lossless,True,visual identity verified,ce8ed4ddc61b3dbeb77c2b5ecf4bec1810d02dd91259c1a78de8f7c1b621ae29,Allah Ho Tum Eshwar Bhi Tum Mahavir Nanak Ram.pdf
Allah Naam Bhajo Bhajorey Bhajo Maulah Naam Bhajo Bhajorey Bhajo,Allah Naam Bhajo Bhajorey Bhajo Maulah Naam Bhajo Bhajorey Bhajo.pdf,sheets/Allah Naam Bhajo Bhajorey Bhajo Maulah Naam Bhajo Bhajorey Bhajo.pdf,1,True,358201,251100,29.9,optimized_lossless,True,visual identity verified,9f16371cfe7c2064ae1ec1a8f0d4e657f938541abd8a87423be93d349f0aa18b,Allah Naam Bhajo Bhajorey Bhajo Maulah Naam Bhajo Bhajorey Bhajo.pdf
Allah Sai Bolo Maulah Sai Bolo,Allah Sai Bolo Maulah Sai Bolo.pdf,sheets/Allah Sai Bolo Maulah Sai Bolo.pdf,2,True,342354,230098,32.79,optimized_lossless,True,visual identity verified,1dbd7d032c3f4fb66739b14a9951ea73cbb8c89152890293edb048f76644feeb,Allah Sai Bolo Maulah Sai Bolo.pdf
Allah Sai Maulah Sai,Allah Sai Maulah Sai.pdf,sheets/Allah Sai Maulah Sai.pdf,1,True,264174,136190,48.45,optimized_lossless,True,visual identity verified,f9769a035350df20dbe2e848bb44587b1929bbd8ad7d693a314a097ee2851ea9,Allah Sai Maulah Sai.pdf
Allah Tum Ho Eshwar Tum Ho,Allah Tum Ho Eshwar Tum Ho.pdf,sheets/Allah Tum Ho Eshwar Tum Ho.pdf,2,True,612541,419750,31.47,optimized_lossless,True,visual identity verified,0c3f664d8ec6ff7a8bd1f020e7ff900a8e763e6727006ebd2640aed6cf6268d8,Allah Tum Ho Eshwar Tum Ho.pdf
Amba Bhavani Shiva Shambhu Kumara,Amba Bhavani Shiva Shambhu Kumara.pdf,sheets/Amba Bhavani Shiva Shambhu Kumara.pdf,1,True,293195,161358,44.97,optimized_lossless,True,visual identity verified,043f0d6b0b30c82b606dc156a42289e246f9db4dcca852e77c30010bd63e76fb,Amba Bhavani Shiva Shambhu Kumara.pdf
Amba Manda Haasa Vadani Manohari Sai Jagat Janani,Amba Manda Haasa Vadani Manohari Sai Jagat Janani.pdf,sheets/Amba Manda Haasa Vadani Manohari Sai Jagat Janani.pdf,2,True,686818,333046,51.51,optimized_lossless,True,visual identity verified,6f404818abfa19e747833d0d8b7bf3a9c1d9493d42807f9e6a1020606f8d02a1,Amba Manda Haasa Vadani Manohari Sai Jagat Janani.pdf
Amba Parameshwari Akhilandeshwari,Amba Parameshwari Akhilandeshwari.pdf,sheets/Amba Parameshwari Akhilandeshwari.pdf,1,True,451478,212517,52.93,optimized_lossless,True,visual identity verified,a6442a133316ca5e5eff96025b60995323a1d55c63ebbed7a703e4b93cd9b2bd,Amba Parameshwari Akhilandeshwari.pdf
Amba Shankari Parameshwari Shashi Shekari Amba,Amba Shankari Parameshwari Shashi Shekari Amba.pdf,sheets/Amba Shankari Parameshwari Shashi Shekari Amba.pdf,1,True,328345,225486,31.33,optimized_lossless,True,visual identity verified,518d335d3853044e568def928bd1a91b7592039d2edfdb2911e3599377c54afe,Amba Shankari Parameshwari Shashi Shekari Amba.pdf
Ambika Tanaya Gajanana,Ambika Tanaya Gajanana.pdf,sheets/Ambika Tanaya Gajanana.pdf,1,True,314154,170317,45.79,optimized_lossless,True,visual identity verified,e371503a3d38e0964e388002f71ffd797741781b4ea388651f78660858f01df6,Ambika Tanaya Gajanana.pdf
Anand Se Bolo Jai Baba Jai Prem Se Bolo Jai Baba Jai,Anand Se Bolo Jai Baba Jai Prem Se Bolo Jai Baba Jai.pdf,sheets/Anand Se Bolo Jai Baba Jai Prem Se Bolo Jai Baba Jai.pdf,2,True,370359,256351,30.78,optimized_lossless,True,visual identity verified,0625ac2d88cbf4df00d66e5a4d9dc14439380585a6b465055f3e94a855415751,Anand Se Bolo Jai Baba Jai Prem Se Bolo Jai Baba Jai.pdf
Ananda Ram Ananda Shyam,Ananda Ram Ananda Shyam.pdf,sheets/Ananda Ram Ananda Shyam.pdf,2,True,443794,220575,50.3,optimized_lossless,True,visual identity verified,48b1f4f7c79674b25d519deee438505b17ffa8c568b948d77cf4ac298a3c2bc1,Ananda Ram Ananda Shyam.pdf
Ananda Sagara Muralidhara,Ananda Sagara Muralidhara.pdf,sheets/Ananda Sagara Muralidhara.pdf,2,True,396582,278534,29.77,optimized_lossless,True,visual identity verified,b9513636c8beb64d830e0932ed6c95b81565008c0008c40d816cb68e75ef6ecc,Ananda Sagara Muralidhara.pdf
Anandamaya Bhagawan Hey Premamaya Bhagawan,Anandamaya Bhagawan Hey Premamaya Bhagawan.pdf,sheets/Anandamaya Bhagawan Hey Premamaya Bhagawan.pdf,2,True,605322,426406,29.56,optimized_lossless,True,visual identity verified,2199c752863deb3e1ab745a76a8cfa333d55908eb1cc8278969bd0b513ffc3fe,Anandamaya Bhagawan Hey Premamaya Bhagawan.pdf
Anatha Bandho Sai Prabho,Anatha Bandho Sai Prabho.pdf,sheets/Anatha Bandho Sai Prabho.pdf,1,True,312656,218132,30.23,optimized_lossless,True,visual identity verified,1fd5834ccb854b542dff982132c42c1b467c9a51907fc1d8c572798d331b9ca5,Anatha Bandho Sai Prabho.pdf
Anjana Nanda Veeram Ashoka Vana Sancharam,Anjana Nanda Veeram Ashoka Vana Sancharam.pdf,sheets/Anjana Nanda Veeram Ashoka Vana Sancharam.pdf,1,True,315813,166872,47.16,optimized_lossless,True,visual identity verified,b3038c9f98273aab92fbead24c43e8e37468efb72e3622bf009d7fc2aa0b51a5,Anjana Nanda Veeram Ashoka Vana Sancharam.pdf
Anjaneya Veera Hanumantha Shoora,Anjaneya Veera Hanumantha Shoora.pdf,sheets/Anjaneya Veera Hanumantha Shoora.pdf,1,True,416649,192416,53.82,optimized_lossless,True,visual identity verified,0c87b8f5a40d91dc66c857433fa3a2a7534b4f2e06164343dba89bfc70ba9af2,Anjaneya Veera Hanumantha Shoora.pdf
Antar Jyothi Jalao Sai,Antar Jyothi Jalao Sai.pdf,sheets/Antar Jyothi Jalao Sai.pdf,1,True,316117,221413,29.96,optimized_lossless,True,visual identity verified,9155330527aa8e37d0aa43c365a557ed2da24320a1620e4217652283ac9c18f7,Antar Jyothi Jalao Sai.pdf
Antaranga Sai Anatha Natha Sai,Antaranga Sai Anatha Natha Sai.pdf,sheets/Antaranga Sai Anatha Natha Sai.pdf,2,True,419654,294240,29.89,optimized_lossless,True,visual identity verified,dd2960357fa94929aa2a7c239a3d2ddc35a35afffa34b64708d40eb728f04b2e,Antaranga Sai Anatha Natha Sai.pdf
Antaryami Sai,Antaryami Sai.pdf,sheets/Antaryami Sai.pdf,2,True,408766,281042,31.25,optimized_lossless,True,visual identity verified,b956cd0d0ff7e10ba120c285fbf12f04ae234cad42921799f4c53433ec83f7dd,Antaryami Sai.pdf
Anupama Sundara Nanda Kishora,Anupama Sundara Nanda Kishora.pdf,sheets/Anupama Sundara Nanda Kishora.pdf,2,True,476467,336217,29.44,optimized_lossless,True,visual identity verified,6b12aa26f8209610478a34237ee560583f1601adc7546d29469f0a603b172227,Anupama Sundara Nanda Kishora.pdf
Araj Suno Merey Parama Krupalu,Araj Suno Merey Parama Krupalu.pdf,sheets/Araj Suno Merey Parama Krupalu.pdf,1,True,358503,252658,29.52,optimized_lossless,True,visual identity verified,c5a574ea2b8b12a1bb3a7295e4044fc4469bc7b61852a0317ce38742ac8fe2ce,Araj Suno Merey Parama Krupalu.pdf
Aravinda Lochana Aartha Janavana,Aravinda Lochana Aartha Janavana.pdf,sheets/Aravinda Lochana Aartha Janavana.pdf,1,True,282779,197854,30.03,optimized_lossless,True,visual identity verified,19b66cca1c42f2c46561fcebaf7d43854c6a34ab5bb4b7f215942086b0f2f2c5,Aravinda Lochana Aartha Janavana.pdf
Aruna Ramana Sri Guru Deva,Aruna Ramana Sri Guru Deva.pdf,sheets/Aruna Ramana Sri Guru Deva.pdf,1,True,291320,152276,47.73,optimized_lossless,True,visual identity verified,a90d2c792b603456368ed35baff25c29a79cfd791ba4f3020c7d0a4e72f87d0d,Aruna Ramana Sri Guru Deva.pdf
Atma Jyothi Namo Paramatma Jyothi Namo,Atma Jyothi Namo Paramatma Jyothi Namo.pdf,sheets/Atma Jyothi Namo Paramatma Jyothi Namo.pdf,1,True,265251,138155,47.92,optimized_lossless,True,visual identity verified,1075d2e0b39107b1e8be5d4c36c34eaeb4edd148e455bbd60807dde22914e95c,Atma Jyothi Namo Paramatma Jyothi Namo.pdf
Atma Lingam Bhajorey Ati Adbhuta Lingam Bhajorey,Atma Lingam Bhajorey Ati Adbhuta Lingam Bhajorey.pdf,sheets/Atma Lingam Bhajorey Ati Adbhuta Lingam Bhajorey.pdf,1,True,333878,220670,33.91,optimized_lossless,True,visual identity verified,ec8bda11513234631ec15a7b81003a162eb599f894dcc6b3bef57731068340bf,Atma Lingam Bhajorey Ati Adbhuta Lingam Bhajorey.pdf
Atma Ram Ananda Dham,Atma Ram Ananda Dham.pdf,sheets/Atma Ram Ananda Dham.pdf,1,True,301177,203520,32.43,optimized_lossless,True,visual identity verified,309a1a43e7d348cb4524bde993fac99b85d490faab419554ef58af2c01c21ef0,Atma Ram Ananda Dham.pdf
Atma Rama Ananda Naama,Atma Rama Ananda Naama.pdf,sheets/Atma Rama Ananda Naama.pdf,1,True,310254,199585,35.67,optimized_lossless,True,visual identity verified,6dd490a915dcd1013ebeb612255ea75ae2ed6cd1c1e9531a42b6d93172904763,Atma Rama Ananda Naama.pdf
Atma Rama Ananda Ramana,Atma Rama Ananda Ramana.pdf,sheets/Atma Rama Ananda Ramana.pdf,1,True,404919,212700,47.47,optimized_lossless,True,visual identity verified,ab72e0afb568390dcf13906745e9063e90de3934bf76ccbc29afba730f5d6f70,Atma Rama Ananda Ramana.pdf
Ayodhya Ke Sita Ram Brindavan Ke Radhey Shyam,Ayodhya Ke Sita Ram Brindavan Ke Radhey Shyam.pdf,sheets/Ayodhya Ke Sita Ram Brindavan Ke Radhey Shyam.pdf,1,True,287553,198863,30.84,optimized_lossless,True,visual identity verified,5967d0d3650826cee9c3483883839f4a2f414df81db6f6a622c1a18c218f3322,Ayodhya Ke Sita Ram Brindavan Ke Radhey Shyam.pdf
Ayodhya Shiromani Dasharatha Rama,Ayodhya Shiromani Dasharatha Rama.pdf,sheets/Ayodhya Shiromani Dasharatha Rama.pdf,1,True,362057,254536,29.7,optimized_lossless,True,visual identity verified,ef7f54dbe4bdca3b22f4507b145d317c448b2ccdde573d5779d94f1b081014fe,Ayodhya Shiromani Dasharatha Rama.pdf
Ayodhya Vasi Ram Hai Dwaraka Mey Aayey,Ayodhya Vasi Ram Hai Dwaraka Mey Aayey.pdf,sheets/Ayodhya Vasi Ram Hai Dwaraka Mey Aayey.pdf,1,True,390815,205110,47.52,optimized_lossless,True,visual identity verified,64be0efcf8a71a34f6751dbdf79ab4753dc9172a6dfa3c069ef8c6cb84a13093,Ayodhya Vasi Ram Hai Dwaraka Mey Aayey.pdf
Ayodhya Vasi Ram Ram Ram Dasharatha Nandana Ram,Ayodhya Vasi Ram Ram Ram Dasharatha Nandana Ram.pdf,sheets/Ayodhya Vasi Ram Ram Ram Dasharatha Nandana Ram.pdf,1,True,381798,178963,53.13,optimized_lossless,True,visual identity verified,50c890880d29e8bafec10ccc3f3ab21dda94f5aa3e583a14ceb62a871dd23fd6,Ayodhya Vasi Ram Ram Ram Dasharatha Nandana Ram.pdf
Ayodhya Vihari Sri Rama Rama Rama,Ayodhya Vihari Sri Rama Rama Rama.pdf,sheets/Ayodhya Vihari Sri Rama Rama Rama.pdf,1,True,287682,152260,47.07,optimized_lossless,True,visual identity verified,a9e8d9d084681d94014c68ce7c840c515d4cf4c432805d8c4048839531526b9d,Ayodhya Vihari Sri Rama Rama Rama.pdf
Baba Aao Merey Keertan Mey,Baba Aao Merey Keertan Mey.pdf,sheets/Baba Aao Merey Keertan Mey.pdf,1,True,311107,218263,29.84,optimized_lossless,True,visual identity verified,53c5f74646340fdb332f03f4ab88dd5f4461e740f694094b8bbf6a3f50d21f1e,Baba Aao Merey Keertan Mey.pdf
Bada Chitha Chora Brindavana Sanchara,Bada Chitha Chora Brindavana Sanchara.pdf,sheets/Bada Chitha Chora Brindavana Sanchara.pdf,1,True,294128,198995,32.34,optimized_lossless,True,visual identity verified,c7d579ea638132d5ea5a81d19df10997803d6d175b93a14a0428e0b9cd59c08e,Bada Chitha Chora Brindavana Sanchara.pdf
Bala Gopal Jai Jai Sai Shyam,Bala Gopal Jai Jai Sai Shyam.pdf,sheets/Bala Gopal Jai Jai Sai Shyam.pdf,2,True,634087,442248,30.25,optimized_lossless,True,visual identity verified,d387bc24ecdeccf34c727303788014ef8c4b174d0967bbe55ccc7e849dc87684,Bala Gopal Jai Jai Sai Shyam.pdf
Bala Gopala Sai Bala Gopala,Bala Gopala Sai Bala Gopala.pdf,sheets/Bala Gopala Sai Bala Gopala.pdf,2,True,441771,309208,30.01,optimized_lossless,True,visual identity verified,5b8cda3ba7b911cf1e9312ce46ec8d706ed44bf1ff49bd8c9641a1ea5e34c61b,Bala Gopala Sai Bala Gopala.pdf
Bansidhara Kanhaiya Ghana Shyama Sundara,Bansidhara Kanhaiya Ghana Shyama Sundara.pdf,sheets/Bansidhara Kanhaiya Ghana Shyama Sundara.pdf,2,True,423052,293139,30.71,optimized_lossless,True,visual identity verified,51c59bf3d5800ebd7e2bd4f2dfbaae13bb4923e5149f431b1204415356d9a7be,Bansidhara Kanhaiya Ghana Shyama Sundara.pdf
Beda Paar Karo Merey Sai,Beda Paar Karo Merey Sai.pdf,sheets/Beda Paar Karo Merey Sai.pdf,1,True,342379,239324,30.1,optimized_lossless,True,visual identity verified,f4692e0eee3e9314b7388d2ba240759dcfb9b172b6029b41b1033e6076f2eb8a,Beda Paar Karo Merey Sai.pdf
Bhagawan Bhagawan Patitha Pavana Ram,Bhagawan Bhagawan Patitha Pavana Ram.pdf,sheets/Bhagawan Bhagawan Patitha Pavana Ram.pdf,2,True,620667,436226,29.72,optimized_lossless,True,visual identity verified,db92e024d53a70e9abdc56ae6e3aedd938f56445e0d78711e467a87fad427567,Bhagawan Bhagawan Patitha Pavana Ram.pdf
Bhairavi Ambe Bhavani (Amba),Bhairavi Ambe Bhavani (Amba).pdf,sheets/Bhairavi Ambe Bhavani (Amba).pdf,1,True,264009,138149,47.67,optimized_lossless,True,visual identity verified,251b586a962d4a5a9d4a5bb12a510e6d9e4cbb663d0c4982744c854865ff15f6,Bhairavi Ambe Bhavani (Amba).pdf
Bhaja Mana Govinda Gopala,Bhaja Mana Govinda Gopala.pdf,sheets/Bhaja Mana Govinda Gopala.pdf,1,True,304234,212501,30.15,optimized_lossless,True,visual identity verified,407b4e1584f8494a34e37e230d4797a8a285624248e5bb231bc0fdec2befd0b3,Bhaja Mana Govinda Gopala.pdf
Bhaja Mana Krishna Gopal,Bhaja Mana Krishna Gopal.pdf,sheets/Bhaja Mana Krishna Gopal.pdf,2,True,422092,297815,29.44,optimized_lossless,True,visual identity verified,a5e2e743315054d557e30ae952cf33726a60ba7f20bd6626c8b0bdc3f7d8f804,Bhaja Mana Krishna Gopal.pdf
Bhaja Mana Radhey Shyama Gopala,Bhaja Mana Radhey Shyama Gopala.pdf,sheets/Bhaja Mana Radhey Shyama Gopala.pdf,1,True,315995,221946,29.76,optimized_lossless,True,visual identity verified,010ff8ac864109ab9df2d3a444791b148a848e2908834ae62caedea82fdc88a1,Bhaja Mana Radhey Shyama Gopala.pdf
Bhaja Mana Ram Bhaja Mana Ram,Bhaja Mana Ram Bhaja Mana Ram.pdf,sheets/Bhaja Mana Ram Bhaja Mana Ram.pdf,1,True,371952,259210,30.31,optimized_lossless,True,visual identity verified,687fcb609edd50342eb9b9fff6dfde28900e6a502617aa667760fe26540a2dbe,Bhaja Mana Ram Bhaja Mana Ram.pdf
Bhaja Mana Shyama Sundara Giridhari,Bhaja Mana Shyama Sundara Giridhari.pdf,sheets/Bhaja Mana Shyama Sundara Giridhari.pdf,1,True,369079,261340,29.19,optimized_lossless,True,visual identity verified,de5fb511f3f4c9182ad529914830f0be2294ba48fd99e10cd4a035f8266f7411,Bhaja Mana Shyama Sundara Giridhari.pdf
Bhaja Mana Sita Ram,Bhaja Mana Sita Ram.pdf,sheets/Bhaja Mana Sita Ram.pdf,1,True,259655,180572,30.46,optimized_lossless,True,visual identity verified,aee8b2e2db7767ef4679fb67e5573740137311284cc347d3958c5a268e53add5,Bhaja Mana Sita Ram.pdf
Bhaja Ramam Bhaja Ramam,Bhaja Ramam Bhaja Ramam.pdf,sheets/Bhaja Ramam Bhaja Ramam.pdf,1,True,313435,212653,32.15,optimized_lossless,True,visual identity verified,057ba965e40c588f10dcdb1c45c97c0d38aa34782b91cb4a2020f128f6943bc4,Bhaja Ramam Bhaja Ramam.pdf
Bhajan Karo Manuva Govinda Harey,Bhajan Karo Manuva Govinda Harey.pdf,sheets/Bhajan Karo Manuva Govinda Harey.pdf,1,True,329783,233544,29.18,optimized_lossless,True,visual identity verified,d246c416471d7f917286ee86932a668af706d72161fcccafe5431ce610110046,Bhajan Karo Manuva Govinda Harey.pdf
Bhajarey Rama Charan Satatam Bhajarey Rama Charan,Bhajarey Rama Charan Satatam Bhajarey Rama Charan.pdf,sheets/Bhajarey Rama Charan Satatam Bhajarey Rama Charan.pdf,1,True,333506,233635,29.95,optimized_lossless,True,visual identity verified,2d20768a7a2a778667d5cfe0d662bf26178039071be904aa46def1150015bde9,Bhajarey Rama Charan Satatam Bhajarey Rama Charan.pdf
Bhajo Bhajo Ram Sathya Sai Ram,Bhajo Bhajo Ram Sathya Sai Ram.pdf,sheets/Bhajo Bhajo Ram Sathya Sai Ram.pdf,1,True,330278,229880,30.4,optimized_lossless,True,visual identity verified,a50e552ed8f1198b03fa8c521f840bee149189652fed8dd4822d504cf1b35553,Bhajo Bhajo Ram Sathya Sai Ram.pdf
Bhajo Gananayaka Gajavadana,Bhajo Gananayaka Gajavadana.pdf,sheets/Bhajo Gananayaka Gajavadana.pdf,1,True,326354,179075,45.13,optimized_lossless,True,visual identity verified,a4b2673ec7ae1f4c1c705d995260900bdc8a81885127d93329096ac6afe978bc,Bhajo Gananayaka Gajavadana.pdf
Bhajo Madhura Hari Naam Nirantara Bhajo Madhura Hari Naam,Bhajo Madhura Hari Naam Nirantara Bhajo Madhura Hari Naam.pdf,sheets/Bhajo Madhura Hari Naam Nirantara Bhajo Madhura Hari Naam.pdf,1,True,301218,209153,30.56,optimized_lossless,True,visual identity verified,948c1ea4990212ce71f3529d4fc5703855d12f638032536847408a2d3539f92d,Bhajo Madhura Hari Naam Nirantara Bhajo Madhura Hari Naam.pdf
Bhajo Man Bhajo Rama Ram,Bhajo Man Bhajo Rama Ram.pdf,sheets/Bhajo Man Bhajo Rama Ram.pdf,2,True,544591,373319,31.45,optimized_lossless,True,visual identity verified,b6edb85006531c91f4281c4fc2d8680d8f525b489d2969123e1ac3977eba7e6b,Bhajo Man Bhajo Rama Ram.pdf
Bhajo Radhey Govinda Bhajo Shyama Gopal,Bhajo Radhey Govinda Bhajo Shyama Gopal.pdf,sheets/Bhajo Radhey Govinda Bhajo Shyama Gopal.pdf,1,True,295593,204527,30.81,optimized_lossless,True,visual identity verified,7511f34564a00f19f9a76ed238ca5740d4b5a35ad3987b86cb1d09c569229955,Bhajo Radhey Govinda Bhajo Shyama Gopal.pdf
Bhajo Sita Ram Bhajo Radhey Shyam,Bhajo Sita Ram Bhajo Radhey Shyam.pdf,sheets/Bhajo Sita Ram Bhajo Radhey Shyam.pdf,1,True,314891,220914,29.84,optimized_lossless,True,visual identity verified,59a30b383c6073872ae715bc114cbdac0fb7dfd768142bec17abeea818b84dfe,Bhajo Sita Ram Bhajo Radhey Shyam.pdf
Bhajorey Bhai Sai Ram,Bhajorey Bhai Sai Ram.pdf,sheets/Bhajorey Bhai Sai Ram.pdf,1,True,302153,211866,29.88,optimized_lossless,True,visual identity verified,2c572ea216dfb80a4c1b55f32a01dfb998a516fc5408461fbfeb34ee49968c09,Bhajorey Bhai Sai Ram.pdf
Bhajorey Bhajo Sada Durga Bhavani,Bhajorey Bhajo Sada Durga Bhavani.pdf,sheets/Bhajorey Bhajo Sada Durga Bhavani.pdf,1,True,275229,143450,47.88,optimized_lossless,True,visual identity verified,fc1289fe1b3be06c41786d49c2e42bad2a8dbafea77ed37949afcf1b4abe15bb,Bhajorey Bhajo Sada Durga Bhavani.pdf
Bhajorey Bhajo Sai Harey Ram,Bhajorey Bhajo Sai Harey Ram.pdf,sheets/Bhajorey Bhajo Sai Harey Ram.pdf,2,True,523146,356649,31.83,optimized_lossless,True,visual identity verified,8178f9822f49db97436100db5c4e4703023ccd4896190615fe3b3f5a90800297,Bhajorey Bhajo Sai Harey Ram.pdf
Bhajorey Bhajorey Gananatham Bhajorey,Bhajorey Bhajorey Gananatham Bhajorey.pdf,sheets/Bhajorey Bhajorey Gananatham Bhajorey.pdf,1,True,420242,224688,46.53,optimized_lossless,True,visual identity verified,e7eee0c047e0454a2ccc0d376811f92480cea1d04005eed45ef663bada901d64,Bhajorey Bhajorey Gananatham Bhajorey.pdf
Bhajorey Manasa Sai Ram,Bhajorey Manasa Sai Ram.pdf,sheets/Bhajorey Manasa Sai Ram.pdf,1,True,345235,242479,29.76,optimized_lossless,True,visual identity verified,9fc6bc606c74c6cef5d617b3d92cf37153ceb83b0d908b69d18f5bec39ad8d27,Bhajorey Manasa Sai Ram.pdf
Bhajorey Manuva Sadguru Deva,Bhajorey Manuva Sadguru Deva.pdf,sheets/Bhajorey Manuva Sadguru Deva.pdf,1,True,405262,189618,53.21,optimized_lossless,True,visual identity verified,b9cf45b7bfdf9067d711a86cb342c2c0cb60a9bc51741ae460136d6ae5d0b9f9,Bhajorey Manuva Sadguru Deva.pdf
Bhajorey Sada Bhajo Rama Krishna Govinda,Bhajorey Sada Bhajo Rama Krishna Govinda.pdf,sheets/Bhajorey Sada Bhajo Rama Krishna Govinda.pdf,1,True,254468,178599,29.81,optimized_lossless,True,visual identity verified,fbf0dc21fad8eed316a6beff3c83b30dd7723237ad7da1723476766cb4e0cb84,Bhajorey Sada Bhajo Rama Krishna Govinda.pdf
Bhaktha Vatsala Tero Naam O Sai,Bhaktha Vatsala Tero Naam O Sai.pdf,sheets/Bhaktha Vatsala Tero Naam O Sai.pdf,1,True,359023,253373,29.43,optimized_lossless,True,visual identity verified,0f58447d26a352f8f1fe7f24654d9a3f38a47f09461c82e957757cd445e3d7fe,Bhaktha Vatsala Tero Naam O Sai.pdf
Bhakthon Ne Hai Aaj Pukara-Sheet-Music,Bhakthon Ne Hai Aaj Pukara-Sheet-Music.pdf,sheets/Bhakthon Ne Hai Aaj Pukara-Sheet-Music.pdf,2,True,487013,331993,31.83,optimized_lossless,True,visual identity verified,54d38d0ef7244c33201198ef93ef8c60e380aac55de503b7e44c3c9a1cb88ff0,Bhakthon Ne Hai Aaj Pukara-Sheet-Music.pdf
Bhasma Bhooshitanga Sai Chandrashekara,Bhasma Bhooshitanga Sai Chandrashekara.pdf,sheets/Bhasma Bhooshitanga Sai Chandrashekara.pdf,2,True,459234,231944,49.49,optimized_lossless,True,visual identity verified,cc7c78a2e6b31ab1c4dd22f65aca4bddaa65ad6fb03ddeab3aa29c88360e508a,Bhasma Bhooshitanga Sai Chandrashekara.pdf
Bhasma Vibhushitha Bhavani Shankara,Bhasma Vibhushitha Bhavani Shankara.pdf,sheets/Bhasma Vibhushitha Bhavani Shankara.pdf,1,True,493870,235997,52.21,optimized_lossless,True,visual identity verified,0b0965d9c9e821292dff861637c9a758f811dc74608e08efda08aae1c4c4a50b,Bhasma Vibhushitha Bhavani Shankara.pdf
Bhava Bhaya Harana Vanditha Charana,Bhava Bhaya Harana Vanditha Charana.pdf,sheets/Bhava Bhaya Harana Vanditha Charana.pdf,1,True,357877,186419,47.91,optimized_lossless,True,visual identity verified,bc52456e502de863b2a84665cd19cacedff53b8ebc76f60866780edf2c15f122,Bhava Bhaya Harana Vanditha Charana.pdf
Bhava Nasha Puttaparthi Pureesha,Bhava Nasha Puttaparthi Pureesha.pdf,sheets/Bhava Nasha Puttaparthi Pureesha.pdf,2,True,569422,301884,46.98,optimized_lossless,True,visual identity verified,b83ee07176b3ebc6377f8fc5e4b0f7eaed7337ddd70d51384e674cabd0907d76,Bhava Nasha Puttaparthi Pureesha.pdf
Bhava Sagar Se Paar Utharo,Bhava Sagar Se Paar Utharo.pdf,sheets/Bhava Sagar Se Paar Utharo.pdf,1,True,336256,235803,29.87,optimized_lossless,True,visual identity verified,93c0b9ad0ac7d042b7dcf1d9213214234ed8d4e93fb4bdcce7d0e92aa9120dd1,Bhava Sagar Se Paar Utharo.pdf
Bhavani Nandana Bala Gajanana-Sheet-Music,Bhavani Nandana Bala Gajanana-Sheet-Music.pdf,sheets/Bhavani Nandana Bala Gajanana-Sheet-Music.pdf,1,True,574946,279758,51.34,optimized_lossless,True,visual identity verified,093aff8228bf0379377a832619cef0a977499d78041c16fb2fa870c01ad4b233,Bhavani Nandana Bala Gajanana-Sheet-Music.pdf
Bhola Bhandari Baba Shiva Shiva Shiva Sai Baba,Bhola Bhandari Baba Shiva Shiva Shiva Sai Baba.pdf,sheets/Bhola Bhandari Baba Shiva Shiva Shiva Sai Baba.pdf,2,True,527201,267193,49.32,optimized_lossless,True,visual identity verified,404a85979a6a941ad40ce2c74023bbd78f3ff50145ce6bfe71a1635f1f6143f2,Bhola Bhandari Baba Shiva Shiva Shiva Sai Baba.pdf
Bhola Nath Harey Jagadeesha,Bhola Nath Harey Jagadeesha.pdf,sheets/Bhola Nath Harey Jagadeesha.pdf,1,True,333163,183547,44.91,optimized_lossless,True,visual identity verified,6fd8992355bfaf11baec84b064b5b15e803c512e9709abe759b130f2acf2de98,Bhola Nath Harey Jagadeesha.pdf
Bhola Nath Shambho Shankara,Bhola Nath Shambho Shankara.pdf,sheets/Bhola Nath Shambho Shankara.pdf,2,True,356717,244575,31.44,optimized_lossless,True,visual identity verified,ff0bde059469e53409ffe8bfb4e7793b7f9e9e8025c1c99a29f6d97cf0c29427,Bhola Nath Shambho Shankara.pdf
Bhola Shankara Bhola ( Hara ),Bhola Shankara Bhola ( Hara ).pdf,sheets/Bhola Shankara Bhola ( Hara ).pdf,1,True,278705,148925,46.57,optimized_lossless,True,visual identity verified,6c8e144fde457642c7713b691ce6029090bbfcfb5165696b499e75e5d00521e1,Bhola Shankara Bhola ( Hara ).pdf
Bhuvana Bandhava Sai Bhagawan,Bhuvana Bandhava Sai Bhagawan.pdf,sheets/Bhuvana Bandhava Sai Bhagawan.pdf,2,True,471281,322611,31.55,optimized_lossless,True,visual identity verified,5bb0d2b8178cc1ebf1a19b8a19a89753a40b409f3f0771bd2758ab66ece54aab,Bhuvana Bandhava Sai Bhagawan.pdf
Bolo Bolo Sab Mil Bolo Om Namah Shivaya,Bolo Bolo Sab Mil Bolo Om Namah Shivaya.pdf,sheets/Bolo Bolo Sab Mil Bolo Om Namah Shivaya.pdf,3,True,990403,482907,51.24,optimized_lossless,True,visual identity verified,ff19fbd33f77aa3ddc3fb6a064db34675a76dcd2ace9bf239eacac8e030c3578,Bolo Bolo Sab Mil Bolo Om Namah Shivaya.pdf
Bolo Jai Jai Kaar Bolo Jai Jai Kaar,Bolo Jai Jai Kaar Bolo Jai Jai Kaar.pdf,sheets/Bolo Jai Jai Kaar Bolo Jai Jai Kaar.pdf,1,True,309157,211561,31.57,optimized_lossless,True,visual identity verified,3983f89c6eecc3e0dbecbe189b72c4e6d04aa882c266e638c8b649d27ef83ab8,Bolo Jai Jai Kaar Bolo Jai Jai Kaar.pdf
Bolo Jai Sai Ram Bolo Jai Sai Ram,Bolo Jai Sai Ram Bolo Jai Sai Ram.pdf,sheets/Bolo Jai Sai Ram Bolo Jai Sai Ram.pdf,2,True,557843,382281,31.47,optimized_lossless,True,visual identity verified,a66e566445b0ea8debfe5f3f5ec05c12fcd1f91110e81da624f5fd1ec2e24578,Bolo Jai Sai Ram Bolo Jai Sai Ram.pdf
Bolo Narayana Jai Jai Vittala,Bolo Narayana Jai Jai Vittala.pdf,sheets/Bolo Narayana Jai Jai Vittala.pdf,1,True,383243,201310,47.47,optimized_lossless,True,visual identity verified,8e614abe0e75a22540d1a3f9f0738a5bea6431ed6b56ab50e710254d3373b4ab,Bolo Narayana Jai Jai Vittala.pdf
Brahma Vishnu Maheshwara Sayeeshwara (Hey),Brahma Vishnu Maheshwara Sayeeshwara (Hey).pdf,sheets/Brahma Vishnu Maheshwara Sayeeshwara (Hey).pdf,2,True,503179,252819,49.76,optimized_lossless,True,visual identity verified,6584a6cc7cf3ec9df66756d082e2cb6eb549b0e149be7d943b6a1f9aa9295fec,Brahma Vishnu Maheshwara Sayeeshwara (Hey).pdf
Brahmananda Roopa Sri Sai Deva,Brahmananda Roopa Sri Sai Deva.pdf,sheets/Brahmananda Roopa Sri Sai Deva.pdf,2,True,506002,353409,30.16,optimized_lossless,True,visual identity verified,12fdae4452f9f590ab7d57ef19cedbd4d00a222de5a55156539a3829f04aba1f,Brahmananda Roopa Sri Sai Deva.pdf
Brahmanda Nayaka Baba-Sheet-Music,Brahmanda Nayaka Baba-Sheet-Music.pdf,sheets/Brahmanda Nayaka Baba-Sheet-Music.pdf,2,True,493545,352966,28.48,optimized_lossless,True,visual identity verified,f38ac985712b3f12ebf71f4a7e3897ae2a272707c252eec84cd3f47f7b3ae71f,Brahmanda Nayaka Baba-Sheet-Music.pdf
Buddha Mahavir Yesu Sai,Buddha Mahavir Yesu Sai.pdf,sheets/Buddha Mahavir Yesu Sai.pdf,1,True,395320,208437,47.27,optimized_lossless,True,visual identity verified,9259bb35772908d97dd621118a4c51d3267f859ce12839abceb29c32c802f54d,Buddha Mahavir Yesu Sai.pdf
Chanda Kirana Kula Mandana Ram,Chanda Kirana Kula Mandana Ram.pdf,sheets/Chanda Kirana Kula Mandana Ram.pdf,1,True,401450,185476,53.8,optimized_lossless,True,visual identity verified,cda9c6b4af92380cd4c581d654fd8fdb7917405ee926d3e99eea7cccb2050aa0,Chanda Kirana Kula Mandana Ram.pdf
Chandra Vadana Kamala Nayana,Chandra Vadana Kamala Nayana.pdf,sheets/Chandra Vadana Kamala Nayana.pdf,1,True,266384,186323,30.05,optimized_lossless,True,visual identity verified,a6b52f84476cf82d18b4c50a05425c7dcb6191d7a0bce8316852c1c91214b7d3,Chandra Vadana Kamala Nayana.pdf
Chandrakala Dhara Samba Sadashiva,Chandrakala Dhara Samba Sadashiva.pdf,sheets/Chandrakala Dhara Samba Sadashiva.pdf,1,True,287339,199153,30.69,optimized_lossless,True,visual identity verified,85c8ea61941a8a820b8b711afb708be108cb3da2e37264057649100a10af33e3,Chandrakala Dhara Samba Sadashiva.pdf
Chandrashekara Sayeeshwara,Chandrashekara Sayeeshwara.pdf,sheets/Chandrashekara Sayeeshwara.pdf,2,True,503356,254940,49.35,optimized_lossless,True,visual identity verified,9a3f3e50621b88327904e8cc8455606739559070493989e701b3f458c722ab98,Chandrashekara Sayeeshwara.pdf
Chandrashekaraya Namah Om,Chandrashekaraya Namah Om.pdf,sheets/Chandrashekaraya Namah Om.pdf,1,True,398001,211112,46.96,optimized_lossless,True,visual identity verified,e9e8e39ae375dcde1bcadc935cad8ba8f48cc11938b30a415458c8fe37360b68,Chandrashekaraya Namah Om.pdf
Chitha Chora Muraliwala,Chitha Chora Muraliwala.pdf,sheets/Chitha Chora Muraliwala.pdf,2,True,402164,281553,29.99,optimized_lossless,True,visual identity verified,6afa057c40ac7e41fe14ffbf49303dd49381569306d0ffc139531e1bf3c6d9c2,Chitha Chora Muraliwala.pdf
Chitha Chora Yashoda Ke Bal Navaneetha Chora Gopal,Chitha Chora Yashoda Ke Bal Navaneetha Chora Gopal.pdf,sheets/Chitha Chora Yashoda Ke Bal Navaneetha Chora Gopal.pdf,1,True,370041,194137,47.54,optimized_lossless,True,visual identity verified,c17f989f3af80e438a19429a09a3a0c361d9a7d7dafe068f1d3d6e9f394bdf54,Chitha Chora Yashoda Ke Bal Navaneetha Chora Gopal.pdf
Chitha Raja Chitha Raja,Chitha Raja Chitha Raja.pdf,sheets/Chitha Raja Chitha Raja.pdf,1,True,348500,241520,30.7,optimized_lossless,True,visual identity verified,b33c6883ec770bde34a7fe4e14d77c942428c9c72d00519d923fd10be11d552a,Chitha Raja Chitha Raja.pdf
Daasharathey Rama Jaya Jaya Rama,Daasharathey Rama Jaya Jaya Rama.pdf,sheets/Daasharathey Rama Jaya Jaya Rama.pdf,1,True,360774,190096,47.31,optimized_lossless,True,visual identity verified,8be921552d1fd41f1fffe76d0df2d129bca80c940d2de980c76732bba9a5db1b,Daasharathey Rama Jaya Jaya Rama.pdf
Dama Dama Dama Dama Damaru Baajey,Dama Dama Dama Dama Damaru Baajey.pdf,sheets/Dama Dama Dama Dama Damaru Baajey.pdf,1,True,311552,162457,47.86,optimized_lossless,True,visual identity verified,b771b5fa45f1ead74117da3fbe5ce5931b4f63af27442df43e91b44039540f47,Dama Dama Dama Dama Damaru Baajey.pdf
Dama Dama Dama Dama Damaru Bajey,Dama Dama Dama Dama Damaru Bajey.pdf,sheets/Dama Dama Dama Dama Damaru Bajey.pdf,1,True,311552,162457,47.86,optimized_lossless,True,visual identity verified,b771b5fa45f1ead74117da3fbe5ce5931b4f63af27442df43e91b44039540f47,Dama Dama Dama Dama Damaru Bajey.pdf
Danava Bhanjana Rama Sai Shyamala Komala Ram,Danava Bhanjana Rama Sai Shyamala Komala Ram.pdf,sheets/Danava Bhanjana Rama Sai Shyamala Komala Ram.pdf,2,True,380026,258475,31.98,optimized_lossless,True,visual identity verified,6407beb60c8768a1bed50a31a13bc195e7b9ec35c2016c97480ddfc3d5d0cbd4,Danava Bhanjana Rama Sai Shyamala Komala Ram.pdf
Darsha Dikhao Bhagawan (Mujhe),Darsha Dikhao Bhagawan (Mujhe).pdf,sheets/Darsha Dikhao Bhagawan (Mujhe).pdf,1,True,343057,239177,30.28,optimized_lossless,True,visual identity verified,f8367c338d9db21c904d10a71c9d64c87e116b271417d68151bb6afd97251839,Darsha Dikhao Bhagawan (Mujhe).pdf
Darsha Dikhao Merey Sai Nandalala,Darsha Dikhao Merey Sai Nandalala.pdf,sheets/Darsha Dikhao Merey Sai Nandalala.pdf,2,True,495290,341073,31.14,optimized_lossless,True,visual identity verified,034f14bce14ad4df0d1e40884505a7d1249d0cabddd18bcd13a182c4cfbb34b1,Darsha Dikhao Merey Sai Nandalala.pdf
Dasharatha Nandana Rama Daya Sagara Rama,Dasharatha Nandana Rama Daya Sagara Rama.pdf,sheets/Dasharatha Nandana Rama Daya Sagara Rama.pdf,2,True,411802,281050,31.75,optimized_lossless,True,visual identity verified,67a718c7b7437e7a227a0f19f368be1084eb828ffa91c37e59528d773d278c69,Dasharatha Nandana Rama Daya Sagara Rama.pdf
Dasharatha Nandana Sri Ramachandra Dharma Samrakshaka Ram,Dasharatha Nandana Sri Ramachandra Dharma Samrakshaka Ram.pdf,sheets/Dasharatha Nandana Sri Ramachandra Dharma Samrakshaka Ram.pdf,2,True,471129,237529,49.58,optimized_lossless,True,visual identity verified,acec3fc23405c4242bb58703425a12cc8b5f26d3e5436f0d2ac51ad6b95024e6,Dasharatha Nandana Sri Ramachandra Dharma Samrakshaka Ram.pdf
Datta Guru Datta Guru Dattatreya Guru,Datta Guru Datta Guru Dattatreya Guru.pdf,sheets/Datta Guru Datta Guru Dattatreya Guru.pdf,1,True,267629,137492,48.63,optimized_lossless,True,visual identity verified,e7ce80c78888fc819d19ef517659916672db5e583242fda8de055178c495ad23,Datta Guru Datta Guru Dattatreya Guru.pdf
Dattatreya Sadguru Deva,Dattatreya Sadguru Deva.pdf,sheets/Dattatreya Sadguru Deva.pdf,1,True,437878,230538,47.35,optimized_lossless,True,visual identity verified,a25e5cd8cb42511b713f77a0de79d321b6c429b5540201a87843b92582b3e686,Dattatreya Sadguru Deva.pdf
Daya Karo Bhagawan Krupa Karo Bhagawan (2),Daya Karo Bhagawan Krupa Karo Bhagawan (2).pdf,sheets/Daya Karo Bhagawan Krupa Karo Bhagawan (2).pdf,2,True,410226,289960,29.32,optimized_lossless,True,visual identity verified,d3aa3f98153f20c08a184cbce95f79429d81f97bf456b0904c4c5b2c1beb6acf,Daya Karo Bhagawan Krupa Karo Bhagawan (2).pdf
Daya Karo Bhagawan Shankara Daya Karo Bhagawan,Daya Karo Bhagawan Shankara Daya Karo Bhagawan.pdf,sheets/Daya Karo Bhagawan Shankara Daya Karo Bhagawan.pdf,2,True,574555,294710,48.71,optimized_lossless,True,visual identity verified,3c04387ed8f8eccae0d40fbd1ffb83ef44373bbbcd5d14528a94b14162c3e44c,Daya Karo Bhagawan Shankara Daya Karo Bhagawan.pdf
Daya Karo Hari Narayana,Daya Karo Hari Narayana.pdf,sheets/Daya Karo Hari Narayana.pdf,1,True,272512,191479,29.74,optimized_lossless,True,visual identity verified,defc15991cc9bce453ea2d47cb6cf4254589aaa6fa1a82bc9c4c5021c014fe9c,Daya Karo Hari Narayana.pdf
Daya Karo Hari Narayana Kripa Karo Hey Jagavandana,Daya Karo Hari Narayana Kripa Karo Hey Jagavandana.pdf,sheets/Daya Karo Hari Narayana Kripa Karo Hey Jagavandana.pdf,1,True,272512,191479,29.74,optimized_lossless,True,visual identity verified,defc15991cc9bce453ea2d47cb6cf4254589aaa6fa1a82bc9c4c5021c014fe9c,Daya Karo Hari Narayana Kripa Karo Hey Jagavandana.pdf
Daya Karo Hey Daya Nidhey Hey Bhagawan,Daya Karo Hey Daya Nidhey Hey Bhagawan.pdf,sheets/Daya Karo Hey Daya Nidhey Hey Bhagawan.pdf,2,True,520583,362547,30.36,optimized_lossless,True,visual identity verified,ecd8f2119e3dc9f6aade2fed2a4a87660c8ea319c3578c8680042a3e4ccbfbe0,Daya Karo Hey Daya Nidhey Hey Bhagawan.pdf
Daya Karo Hey Karuna Nidhan Sai,Daya Karo Hey Karuna Nidhan Sai.pdf,sheets/Daya Karo Hey Karuna Nidhan Sai.pdf,1,True,327644,226054,31.01,optimized_lossless,True,visual identity verified,2a6403f9643a6b933bf37ddc8ca815d4b6b6e6bde1f0c2491ca6891af5adedc7,Daya Karo Hey Karuna Nidhan Sai.pdf
Daya Karo Sadguru Sai Daya Karo,Daya Karo Sadguru Sai Daya Karo.pdf,sheets/Daya Karo Sadguru Sai Daya Karo.pdf,2,True,457111,313845,31.34,optimized_lossless,True,visual identity verified,f410c0db8c1982e8de717342e574fc90bef10e78842f34af9ce0d833eb265742,Daya Karo Sadguru Sai Daya Karo.pdf
Daya Karo Shiva Gangadhari,Daya Karo Shiva Gangadhari.pdf,sheets/Daya Karo Shiva Gangadhari.pdf,1,True,319953,171828,46.3,optimized_lossless,True,visual identity verified,cf280cef9d2e139c8a46f7352a720e411c8b78a7abefaf2f68c31ebad3ee832e,Daya Karo Shiva Gangadhari.pdf
Daya Sagara Karunakara,Daya Sagara Karunakara.pdf,sheets/Daya Sagara Karunakara.pdf,1,True,305097,215425,29.39,optimized_lossless,True,visual identity verified,6408bd133f110016072e06303ccb50cdb277fe39fa875820a10e5f1feb0b3813,Daya Sagara Karunakara.pdf
Daya Sudha Barsao Mata Jaya Jaya Jaya Ambe,Daya Sudha Barsao Mata Jaya Jaya Jaya Ambe.pdf,sheets/Daya Sudha Barsao Mata Jaya Jaya Jaya Ambe.pdf,2,True,429404,212196,50.58,optimized_lossless,True,visual identity verified,a73f4d8d9cd59cec01ff8dc29e4dd93ead1bf8b73a781bbe8ddf5a4fd01418d6,Daya Sudha Barsao Mata Jaya Jaya Jaya Ambe.pdf
Dayabhi Rama Janaki Rama,Dayabhi Rama Janaki Rama.pdf,sheets/Dayabhi Rama Janaki Rama.pdf,1,True,312050,168021,46.16,optimized_lossless,True,visual identity verified,f65e073de8523faaf0c7c41a8ccd49913512217cfa5e36a564685efa064a8d64,Dayabhi Rama Janaki Rama.pdf
Dayamaya Sri Rama Harey,Dayamaya Sri Rama Harey.pdf,sheets/Dayamaya Sri Rama Harey.pdf,2,True,394307,274282,30.44,optimized_lossless,True,visual identity verified,56099c79df661496c594fbdaa3cebaa9167bf488dd71db8be5725ea8e80b168e,Dayamaya Sri Rama Harey.pdf
Deena Bandhava Baba Daya Sagara,Deena Bandhava Baba Daya Sagara.pdf,sheets/Deena Bandhava Baba Daya Sagara.pdf,2,True,449856,309586,31.18,optimized_lossless,True,visual identity verified,aedac5bcb8afb8a367666b8cf511169accb15032f0e98a661c7b1a87c121acb2,Deena Bandhava Baba Daya Sagara.pdf
Deena Bandhava Sri Sai Deva,Deena Bandhava Sri Sai Deva.pdf,sheets/Deena Bandhava Sri Sai Deva.pdf,1,True,306056,214906,29.78,optimized_lossless,True,visual identity verified,365533c65b1af3e282e261056c983989ffcdfeb7ee78278f28468e914dd8744c,Deena Bandhava Sri Sai Deva.pdf
Deena Bandhu Vittala Jai-Sheet-Music,Deena Bandhu Vittala Jai-Sheet-Music.pdf,sheets/Deena Bandhu Vittala Jai-Sheet-Music.pdf,2,True,480320,239586,50.12,optimized_lossless,True,visual identity verified,65d08ea5060104cbb9460c33837b178acdd6ced30b5e55f75394afeb2c19ba85,Deena Bandhu Vittala Jai-Sheet-Music.pdf
Deena Dayala Hari Parama Dayala,Deena Dayala Hari Parama Dayala.pdf,sheets/Deena Dayala Hari Parama Dayala.pdf,1,True,306857,212095,30.88,optimized_lossless,True,visual identity verified,02c1ebcf65eff2a770cf41b8359c51e87e7f448275c6fbbc3d2ed88688aa725f,Deena Dayala Hari Parama Dayala.pdf
Deena Dayala Sri Sai Rama,Deena Dayala Sri Sai Rama.pdf,sheets/Deena Dayala Sri Sai Rama.pdf,1,True,467778,255332,45.42,optimized_lossless,True,visual identity verified,ca6bf6d6f4935b08914a94a51c9e07fb8ad132d015146c69eccb20831af79bfe,Deena Dayala Sri Sai Rama.pdf
Deena Dukhiyon Ke Taarana Kaarana,Deena Dukhiyon Ke Taarana Kaarana.pdf,sheets/Deena Dukhiyon Ke Taarana Kaarana.pdf,2,True,616510,435772,29.32,optimized_lossless,True,visual identity verified,f3f00bad6da57a9b0c0ef7abff39e34ed8d1fc2ea914c07a9f130d9b0f778daa,Deena Dukhiyon Ke Taarana Kaarana.pdf
Deena Dukhiyon Se Prem Karo Mera Sai Prasanna Hoga,Deena Dukhiyon Se Prem Karo Mera Sai Prasanna Hoga.pdf,sheets/Deena Dukhiyon Se Prem Karo Mera Sai Prasanna Hoga.pdf,1,True,325873,227878,30.07,optimized_lossless,True,visual identity verified,290bef793875de8d9aca4203b604badf68e548ad52a7d01bd7faffab847f4ae0,Deena Dukhiyon Se Prem Karo Mera Sai Prasanna Hoga.pdf
Deena Janavani Vara Dayini,Deena Janavani Vara Dayini.pdf,sheets/Deena Janavani Vara Dayini.pdf,1,True,392659,207778,47.08,optimized_lossless,True,visual identity verified,b7a64d1e99bf591b3db31ec998409ef258aa93da104fffcaf4ca9c3e74fd5d1e,Deena Janavani Vara Dayini.pdf
Deena Natha Sai Guru Natha,Deena Natha Sai Guru Natha.pdf,sheets/Deena Natha Sai Guru Natha.pdf,2,True,647452,313587,51.57,optimized_lossless,True,visual identity verified,fb6bb2f5a9a74052f80402356b9b656d697b23f83adf728be47f2cf81d3d75f4,Deena Natha Sai Guru Natha.pdf
Deena Natha Shankara,Deena Natha Shankara.pdf,sheets/Deena Natha Shankara.pdf,1,True,373742,199325,46.67,optimized_lossless,True,visual identity verified,1c3abf4b3640fd839f569fb97276e8509befb9b3aba13270713ff93f2d062f8e,Deena Natha Shankara.pdf
Dehi Sharanam Simha Vahini,Dehi Sharanam Simha Vahini.pdf,sheets/Dehi Sharanam Simha Vahini.pdf,1,True,301546,208004,31.02,optimized_lossless,True,visual identity verified,b7f64a2e89ac410eac70957a830a7bb201248916edfc20db05f5a1c387ee157c,Dehi Sharanam Simha Vahini.pdf
Deva Devothama Deena Samrakshaka,Deva Devothama Deena Samrakshaka.pdf,sheets/Deva Devothama Deena Samrakshaka.pdf,2,True,451950,318541,29.52,optimized_lossless,True,visual identity verified,bc2ce47587db5544b45f2ed6c18225e3f427329e74dbbe055997f2884a1f7845,Deva Devothama Deena Samrakshaka.pdf
Deva Senapathey Skanda Subrahmanya Paahi Maam,Deva Senapathey Skanda Subrahmanya Paahi Maam.pdf,sheets/Deva Senapathey Skanda Subrahmanya Paahi Maam.pdf,1,True,497487,242108,51.33,optimized_lossless,True,visual identity verified,aba20a2e089df7acd9aaa9122ba652f082399e047907fdd4577d8c5e9055bd32,Deva Senapathey Skanda Subrahmanya Paahi Maam.pdf
Devaki Tanaya Daya Nidhey,Devaki Tanaya Daya Nidhey.pdf,sheets/Devaki Tanaya Daya Nidhey.pdf,1,True,284223,195516,31.21,optimized_lossless,True,visual identity verified,f761d70d7deda8969180005764545ff6288deb0957bb06c6957eae611b8c393a,Devaki Tanaya Daya Nidhey.pdf
Devi Bhavani Jagat Janani,Devi Bhavani Jagat Janani.pdf,sheets/Devi Bhavani Jagat Janani.pdf,1,True,376671,198795,47.22,optimized_lossless,True,visual identity verified,0850b7b5fc5f18ec4b82c64c5985de44b582cb2dbf0f1fe22e245bc69ca77345,Devi Bhavani Jagat Janani.pdf
Devi Bhavani Ma Jaya Sai Bhavani Ma,Devi Bhavani Ma Jaya Sai Bhavani Ma.pdf,sheets/Devi Bhavani Ma Jaya Sai Bhavani Ma.pdf,1,True,284051,147790,47.97,optimized_lossless,True,visual identity verified,80cff3f89834e3d4c31dedf4854e555b6f1960ac9832556eed63148efaed640f,Devi Bhavani Ma Jaya Sai Bhavani Ma.pdf
Devi Jagat Janani Sai Mata,Devi Jagat Janani Sai Mata.pdf,sheets/Devi Jagat Janani Sai Mata.pdf,2,True,445425,222535,50.04,optimized_lossless,True,visual identity verified,176f1222fd209130a46280ac0909aeeb246a19306a6c609880fd3e24a3a24538,Devi Jagat Janani Sai Mata.pdf
Devi Sai Ma Devi Saraswathi Ma,Devi Sai Ma Devi Saraswathi Ma.pdf,sheets/Devi Sai Ma Devi Saraswathi Ma.pdf,1,True,327576,172846,47.23,optimized_lossless,True,visual identity verified,d87681fef376d36b66a0a29592b43579d1572a22782dcc9599a0c96187265352,Devi Sai Ma Devi Saraswathi Ma.pdf
Dhanya Ho Eshwaramba,Dhanya Ho Eshwaramba.pdf,sheets/Dhanya Ho Eshwaramba.pdf,2,True,443025,316266,28.61,optimized_lossless,True,visual identity verified,ef8a76e7dcb0c69dc74f43519c80ac67ff715cb573bb9ec181f57e17e5b6b63c,Dhanya Ho Eshwaramba.pdf
Dhim Dhim Dhimi Dhimi Natana Shiva,Dhim Dhim Dhimi Dhimi Natana Shiva.pdf,sheets/Dhim Dhim Dhimi Dhimi Natana Shiva.pdf,1,True,268984,141460,47.41,optimized_lossless,True,visual identity verified,864ccfc646b01bd4a1bd688503685da9922fc91cf17b2ac26366bfa01db65509,Dhim Dhim Dhimi Dhimi Natana Shiva.pdf
Dhimitha Dhimitha Dhim Dhimitha Dhimitha Dhim Nachey Bhola Nath,Dhimitha Dhimitha Dhim Dhimitha Dhimitha Dhim Nachey Bhola Nath.pdf,sheets/Dhimitha Dhimitha Dhim Dhimitha Dhimitha Dhim Nachey Bhola Nath.pdf,3,True,689419,346523,49.74,optimized_lossless,True,visual identity verified,169f1cb1dc03855860696d86bf84232905f96086e595762e0a87fa4dc004a6ea,Dhimitha Dhimitha Dhim Dhimitha Dhimitha Dhim Nachey Bhola Nath.pdf
Durga Amba Bhavani Jai Jai Durga Amba Bhavani,Durga Amba Bhavani Jai Jai Durga Amba Bhavani.pdf,sheets/Durga Amba Bhavani Jai Jai Durga Amba Bhavani.pdf,1,True,340718,178971,47.47,optimized_lossless,True,visual identity verified,2e951865d83b5046eb017a3283121fdb33f461ef59a0fa6174568af7851951cb,Durga Amba Bhavani Jai Jai Durga Amba Bhavani.pdf
Durga Bhavani Ma Jaya Jaya Sai Ma,Durga Bhavani Ma Jaya Jaya Sai Ma.pdf,sheets/Durga Bhavani Ma Jaya Jaya Sai Ma.pdf,2,True,703944,345066,50.98,optimized_lossless,True,visual identity verified,748c0ef84b8e176923f75b32063440daa8913b64bc034be6bf198e4b7cee50d5,Durga Bhavani Ma Jaya Jaya Sai Ma.pdf
Durge Durge Durge Jai Jai Ma (2),Durge Durge Durge Jai Jai Ma (2).pdf,sheets/Durge Durge Durge Jai Jai Ma (2).pdf,1,True,274565,140807,48.72,optimized_lossless,True,visual identity verified,7fb6307533681c844cf21e272680496fbaa3e391947845e55aff203b6b67a55f,Durge Durge Durge Jai Jai Ma (2).pdf
Ek Baar Kshama Karo Sai Merey Baba Sri Sathya Sai,Ek Baar Kshama Karo Sai Merey Baba Sri Sathya Sai.pdf,sheets/Ek Baar Kshama Karo Sai Merey Baba Sri Sathya Sai.pdf,2,True,435760,304737,30.07,optimized_lossless,True,visual identity verified,fb4e44d5f746e62f0b308fc41fdf9f784eb70f7bfb23f5fda6a6f3f6b2e6617d,Ek Baar Kshama Karo Sai Merey Baba Sri Sathya Sai.pdf
Eshwar Allah Ek Tum Hi Ho,Eshwar Allah Ek Tum Hi Ho.pdf,sheets/Eshwar Allah Ek Tum Hi Ho.pdf,1,True,334551,231789,30.72,optimized_lossless,True,visual identity verified,b7ad272d415781dff348f7a9d573431e11dfbeee41a3d53da1735926918f63cc,Eshwar Allah Ek Tum Hi Ho.pdf
Eshwar Allah Terey Naam Sai Terey Naam,Eshwar Allah Terey Naam Sai Terey Naam.pdf,sheets/Eshwar Allah Terey Naam Sai Terey Naam.pdf,1,True,340706,234651,31.13,optimized_lossless,True,visual identity verified,d83606b20ff98384f7bd80c3233cf1a9c4a9979eb2ca3c8d627c1455c969386c,Eshwar Allah Terey Naam Sai Terey Naam.pdf
Eshwaramba Priya Nandana,Eshwaramba Priya Nandana.pdf,sheets/Eshwaramba Priya Nandana.pdf,2,True,482972,333318,30.99,optimized_lossless,True,visual identity verified,44d22089892c83c28fbcddb38c4e0475a7e42d872b478f483fa4f67276c3cdbb,Eshwaramba Priya Nandana.pdf
Eshwaramba Priya Nandana Hey Sai Rama,Eshwaramba Priya Nandana Hey Sai Rama.pdf,sheets/Eshwaramba Priya Nandana Hey Sai Rama.pdf,2,True,430017,290958,32.34,optimized_lossless,True,visual identity verified,3a1dad99fe1994e7ccfee6249892e56f6d7798a404f20221d2cbcb732ecda28d,Eshwaramba Priya Nandana Hey Sai Rama.pdf
Eshwaramba priya nandana Ratnakara kula bhushana,Eshwaramba priya nandana Ratnakara kula bhushana.pdf,sheets/Eshwaramba priya nandana Ratnakara kula bhushana.pdf,2,True,482972,333318,30.99,optimized_lossless,True,visual identity verified,86ce400683e8569b2ed4c958384a69b5cde1661c76bfdfba58f7ee96262d69d0,Eshwaramba priya nandana Ratnakara kula bhushana.pdf
Eshwaramba Priya Tanaya Sai Narayana,Eshwaramba Priya Tanaya Sai Narayana.pdf,sheets/Eshwaramba Priya Tanaya Sai Narayana.pdf,2,True,443870,315429,28.94,optimized_lossless,True,visual identity verified,d593ab2f2857aa49002e705d9820e971a5639494178d3ce4169e4afdaa408a63,Eshwaramba Priya Tanaya Sai Narayana.pdf
Eshwari Nandana Parthi Gajanana-Sheet-Music,Eshwari Nandana Parthi Gajanana-Sheet-Music.pdf,sheets/Eshwari Nandana Parthi Gajanana-Sheet-Music.pdf,1,True,263171,137145,47.89,optimized_lossless,True,visual identity verified,2db717efe946e2fa337d7f622b62d43035df1eeff86bdac0dbd1f8e05a2a5221,Eshwari Nandana Parthi Gajanana-Sheet-Music.pdf
Eshwari Nandana Sai Gopala,Eshwari Nandana Sai Gopala.pdf,sheets/Eshwari Nandana Sai Gopala.pdf,1,True,348297,244293,29.86,optimized_lossless,True,visual identity verified,e7cc1f8bc7338ab8471372fa8deda1a7414b9d25e6fdf21dfe1be1401762c7b1,Eshwari Nandana Sai Gopala.pdf
Gaana Priyey Sai Karunamayi,Gaana Priyey Sai Karunamayi.pdf,sheets/Gaana Priyey Sai Karunamayi.pdf,1,True,314536,165324,47.44,optimized_lossless,True,visual identity verified,ce5e0611e5b5f4d800dac02e3262bd8e32d793f324e87ea9201d6018d04620cd,Gaana Priyey Sai Karunamayi.pdf
Gajamukha Gajamukha Gananatha,Gajamukha Gajamukha Gananatha.pdf,sheets/Gajamukha Gajamukha Gananatha.pdf,1,True,297293,156886,47.23,optimized_lossless,True,visual identity verified,e1ca5f43679bb58a0e484fc70e6f79e8b29a288a9f7f2ebb70afe01637fe966d,Gajamukha Gajamukha Gananatha.pdf
Gajanana Gajanana,Gajanana Gajanana.pdf,sheets/Gajanana Gajanana.pdf,1,True,656585,357130,45.61,optimized_lossless,True,visual identity verified,ca6be4e5facc9a45edf83a1751b1673633b6997cd272b27aab959f6e52201eea,Gajanana Gajanana.pdf
Gajanana Hey Gajanana Gowri Nandana Gajanana,Gajanana Hey Gajanana Gowri Nandana Gajanana.pdf,sheets/Gajanana Hey Gajanana Gowri Nandana Gajanana.pdf,1,True,337562,236051,30.07,optimized_lossless,True,visual identity verified,46a07638c3253dc046b2195f0263ce4a157f6de3862dc50172b41ab581338fa6,Gajanana Hey Gajanana Gowri Nandana Gajanana.pdf
Gajanana Hey Shubhanana,Gajanana Hey Shubhanana.pdf,sheets/Gajanana Hey Shubhanana.pdf,1,True,233204,163434,29.92,optimized_lossless,True,visual identity verified,a2cdc248f0e764dc1832d7f1007597c763155132ac39da7a33fdbc8abc84a4e1,Gajanana Hey Shubhanana.pdf
Gajavadana Gajanana,Gajavadana Gajanana.pdf,sheets/Gajavadana Gajanana.pdf,1,True,326933,222007,32.09,optimized_lossless,True,visual identity verified,b67ad80e06e5e6146c4abcbc0752c0b1bee34c81f0c104908d1d81cc9eec0946,Gajavadana Gajanana.pdf
Gajavadana Gajanana Gowri Tanaya Gajanana,Gajavadana Gajanana Gowri Tanaya Gajanana.pdf,sheets/Gajavadana Gajanana Gowri Tanaya Gajanana.pdf,1,True,326933,222007,32.09,optimized_lossless,True,visual identity verified,b67ad80e06e5e6146c4abcbc0752c0b1bee34c81f0c104908d1d81cc9eec0946,Gajavadana Gajanana Gowri Tanaya Gajanana.pdf
Gajavadana Gananatha,Gajavadana Gananatha.pdf,sheets/Gajavadana Gananatha.pdf,1,True,264867,186535,29.57,optimized_lossless,True,visual identity verified,ffa900203f7d885bef3aad9f7aeb771cf073f518341aeee79e20d6664fe5a3f9,Gajavadana Gananatha.pdf
Gajavadana Gananatha Gajavadana Vinayaka,Gajavadana Gananatha Gajavadana Vinayaka.pdf,sheets/Gajavadana Gananatha Gajavadana Vinayaka.pdf,1,True,292599,208628,28.7,optimized_lossless,True,visual identity verified,d9f2887a801d24f19868d276260ed3fbbe62899552073d3e6022401e77576965,Gajavadana Gananatha Gajavadana Vinayaka.pdf
Gajavadana Gananatha Natha,Gajavadana Gananatha Natha.pdf,sheets/Gajavadana Gananatha Natha.pdf,1,True,274262,191812,30.06,optimized_lossless,True,visual identity verified,6d9e2804eb8234e3f682fe7fb8f6c8c16103bfa7469a8185f1b1c8ebd8613321,Gajavadana Gananatha Natha.pdf
Gajavadana Jaya Namosthuthey,Gajavadana Jaya Namosthuthey.pdf,sheets/Gajavadana Jaya Namosthuthey.pdf,1,True,369082,203130,44.96,optimized_lossless,True,visual identity verified,6ebfa495d1546dd5c1dfea8f4415aa4970b81fb979909204927fd932d1c41475,Gajavadana Jaya Namosthuthey.pdf
Gananatha Gananatha,Gananatha Gananatha.pdf,sheets/Gananatha Gananatha.pdf,2,True,603301,417696,30.76,optimized_lossless,True,visual identity verified,d926e35f6200d6aa4162f615c8f423528adb645e689a5d632260227899e93a40,Gananatha Gananatha.pdf
Ganapathi Om Jaya Ganapathi Om,Ganapathi Om Jaya Ganapathi Om.pdf,sheets/Ganapathi Om Jaya Ganapathi Om.pdf,1,True,404411,218538,45.96,optimized_lossless,True,visual identity verified,d5b65beedb8a599804940443f71f7cdfaf90efdd365f7d797b91fa589c4000ce,Ganapathi Om Jaya Ganapathi Om.pdf
Ganesha Charanam Parama Pavanam Sathya Sainam Gajananam,Ganesha Charanam Parama Pavanam Sathya Sainam Gajananam.pdf,sheets/Ganesha Charanam Parama Pavanam Sathya Sainam Gajananam.pdf,1,True,523725,256512,51.02,optimized_lossless,True,visual identity verified,05d02938cae72eeff5fc408519d6d7a3c881d38a34a359d68d1ba176e3b7b2d4,Ganesha Charanam Parama Pavanam Sathya Sainam Gajananam.pdf
Ganesha Charanam Sharanam Ganesha (4),Ganesha Charanam Sharanam Ganesha (4).pdf,sheets/Ganesha Charanam Sharanam Ganesha (4).pdf,1,True,416688,195435,53.1,optimized_lossless,True,visual identity verified,08264f1d97dc037bf4205753b91c608fb25e0b87e4e8a47b13732c8204d3f89c,Ganesha Charanam Sharanam Ganesha (4).pdf
Ganga Jatadhara Gowri Shankara Girija-Sheet-Music,Ganga Jatadhara Gowri Shankara Girija-Sheet-Music.pdf,sheets/Ganga Jatadhara Gowri Shankara Girija-Sheet-Music.pdf,1,True,389267,180681,53.58,optimized_lossless,True,visual identity verified,4a808733ae1dfdd715c82d5cc7cbbb922e040b1b69c538927420f53e20c84333,Ganga Jatadhara Gowri Shankara Girija-Sheet-Music.pdf
Gangadhara Gowri Mahesha,Gangadhara Gowri Mahesha.pdf,sheets/Gangadhara Gowri Mahesha.pdf,2,True,530775,277134,47.79,optimized_lossless,True,visual identity verified,d821802bb0008d08116a6895ada73142a2729e2413820c2d68bbba19cc9d1134,Gangadhara Gowri Mahesha.pdf
Gangadhara Hara Gangadhara Hara Kailasa Natha Prabhu Shankara,Gangadhara Hara Gangadhara Hara Kailasa Natha Prabhu Shankara.pdf,sheets/Gangadhara Hara Gangadhara Hara Kailasa Natha Prabhu Shankara.pdf,1,True,272026,146094,46.29,optimized_lossless,True,visual identity verified,77bfdb33e79bfb79f4d01a3b097fda95ee19b5ca1c436265bb4ccf7a17ba8d9c,Gangadhara Hara Gangadhara Hara Kailasa Natha Prabhu Shankara.pdf
Garuda Vahana Narayana,Garuda Vahana Narayana.pdf,sheets/Garuda Vahana Narayana.pdf,1,True,306916,163691,46.67,optimized_lossless,True,visual identity verified,6bb9f70f16ed47553a5c949207cc916d8c3df84ad880e1112145f3e67b4a6879,Garuda Vahana Narayana.pdf
Ghana Ghana Neela Vadana Ati Sundara,Ghana Ghana Neela Vadana Ati Sundara.pdf,sheets/Ghana Ghana Neela Vadana Ati Sundara.pdf,1,True,341346,240935,29.42,optimized_lossless,True,visual identity verified,883d560e9fab7847cbe5f2c9442f3d4d521eed637514a6309a9f49c49c716f77,Ghana Ghana Neela Vadana Ati Sundara.pdf
Ghana Shyama Bhajo Giridhari Bhajo,Ghana Shyama Bhajo Giridhari Bhajo.pdf,sheets/Ghana Shyama Bhajo Giridhari Bhajo.pdf,1,True,343265,238123,30.63,optimized_lossless,True,visual identity verified,9436288dbec6cd26816a063f8ed75bde2aa620f195ad91d2f9de8b6afa9ad2df,Ghana Shyama Bhajo Giridhari Bhajo.pdf
Ghana Shyama Gopala Ghana Shyama Gopala,Ghana Shyama Gopala Ghana Shyama Gopala.pdf,sheets/Ghana Shyama Gopala Ghana Shyama Gopala.pdf,1,True,290445,201215,30.72,optimized_lossless,True,visual identity verified,33b411a9e8deac2064c35a39e844430b7b899aa18328eb985cb21346cb02f888,Ghana Shyama Gopala Ghana Shyama Gopala.pdf
Ghana Shyama Sundara,Ghana Shyama Sundara.pdf,sheets/Ghana Shyama Sundara.pdf,2,True,425427,298386,29.86,optimized_lossless,True,visual identity verified,ca59c386fff137395f09dad8240c15de3d6574db646344fa445b0b53391e9040,Ghana Shyama Sundara.pdf
Giridhara Bala Hey Nandalala,Giridhara Bala Hey Nandalala.pdf,sheets/Giridhara Bala Hey Nandalala.pdf,1,True,368970,260624,29.36,optimized_lossless,True,visual identity verified,505b39de9150c0231dd6cd3d18410a4a79d64952300a55327856433285926f0d,Giridhara Bala Hey Nandalala.pdf
Giridhara Gopala Gopala,Giridhara Gopala Gopala.pdf,sheets/Giridhara Gopala Gopala.pdf,1,True,331816,173503,47.71,optimized_lossless,True,visual identity verified,12fffb60189f9a57671562fc20a2645d15507e2b616addeecb19e245dc500af3,Giridhara Gopala Gopala.pdf
Giridhara Gopala Hey Giridhara Gopala,Giridhara Gopala Hey Giridhara Gopala.pdf,sheets/Giridhara Gopala Hey Giridhara Gopala.pdf,1,True,301918,211293,30.02,optimized_lossless,True,visual identity verified,d6f178b5db05e12ffa38462e105748fed6b9ab1fd10e41d6f1d99be9d5440c0b,Giridhara Gopala Hey Giridhara Gopala.pdf
Giridhara Gopala Hey Giridhara Gopala Hey Giridhara Gopala,Giridhara Gopala Hey Giridhara Gopala Hey Giridhara Gopala.pdf,sheets/Giridhara Gopala Hey Giridhara Gopala Hey Giridhara Gopala.pdf,1,True,301918,211293,30.02,optimized_lossless,True,visual identity verified,c1d31e312a42c5a1aead7c200ab8d4401c153fd34cd1483d7c62bc0694a8b2fc,Giridhara Gopala Hey Giridhara Gopala Hey Giridhara Gopala.pdf
Giridhara Gopala Muralidhara Harey,Giridhara Gopala Muralidhara Harey.pdf,sheets/Giridhara Gopala Muralidhara Harey.pdf,1,True,256866,182277,29.04,optimized_lossless,True,visual identity verified,b587c9847751198fe35faa73a0ff18b9fe11a6923f9254fe8e9c0593efd573eb,Giridhara Gopala Muralidhara Harey.pdf
Giridhara Gopala Sai Giridhara Gopala,Giridhara Gopala Sai Giridhara Gopala.pdf,sheets/Giridhara Gopala Sai Giridhara Gopala.pdf,2,True,610002,427000,30.0,optimized_lossless,True,visual identity verified,c143620b6768c9e88fbdd46ec5c706f82ce23463fa8d42885eccd391ab72dde9,Giridhara Gopala Sai Giridhara Gopala.pdf
Giridhara Govinda Gopala Ghana Shyama Nandalala,Giridhara Govinda Gopala Ghana Shyama Nandalala.pdf,sheets/Giridhara Govinda Gopala Ghana Shyama Nandalala.pdf,2,True,536704,371852,30.72,optimized_lossless,True,visual identity verified,4a773e655f47fd8c0e8d54588e651271292fb662fde86eba8ef8e57b4c1c424c,Giridhara Govinda Gopala Ghana Shyama Nandalala.pdf
Giridhara Naagara Kunja Vihari,Giridhara Naagara Kunja Vihari.pdf,sheets/Giridhara Naagara Kunja Vihari.pdf,1,True,371444,260833,29.78,optimized_lossless,True,visual identity verified,29fdbb20ab396a3bca086e3de33c71e5e8a43736262668b435eaec26598ff379,Giridhara Naagara Kunja Vihari.pdf
Giridhari Hey Nandalala,Giridhari Hey Nandalala.pdf,sheets/Giridhari Hey Nandalala.pdf,1,True,308689,216415,29.89,optimized_lossless,True,visual identity verified,7392a372acb53d1b34c6ca2fd71f39ece1d756f149e870aa8009f3cc3a02d015,Giridhari Hey Nandalala.pdf
Giridhari Jaya Giridhari,Giridhari Jaya Giridhari.pdf,sheets/Giridhari Jaya Giridhari.pdf,1,True,341170,237609,30.35,optimized_lossless,True,visual identity verified,630c837fbb54936043e7e0a25615e8ce4ac94b3265752311b94f6abca4a84f52,Giridhari Jaya Giridhari.pdf
Giridhari Lal Shyama Gopal,Giridhari Lal Shyama Gopal.pdf,sheets/Giridhari Lal Shyama Gopal.pdf,1,True,305163,212509,30.36,optimized_lossless,True,visual identity verified,48c31aab1ec1af20d125b4a3569cf69efd3928a73b160fa5f6d9b8b9cbdbd9da,Giridhari Lal Shyama Gopal.pdf
Giridhari Murari Govinda,Giridhari Murari Govinda.pdf,sheets/Giridhari Murari Govinda.pdf,1,True,261889,180747,30.98,optimized_lossless,True,visual identity verified,ec5323588b1179861a7acf1afa8265b0166bb729786d018537c85857e7aa9158,Giridhari Murari Govinda.pdf
Gokula Nandana Shyama Murari,Gokula Nandana Shyama Murari.pdf,sheets/Gokula Nandana Shyama Murari.pdf,1,True,360910,253146,29.86,optimized_lossless,True,visual identity verified,a8eedff9e52f20aeb78f54123f965eadf0774d8387bc79984024129693be3eb0,Gokula Nandana Shyama Murari.pdf
Gopala Giridhara Bala,Gopala Giridhara Bala.pdf,sheets/Gopala Giridhara Bala.pdf,2,True,397221,277873,30.05,optimized_lossless,True,visual identity verified,f064acbe7a0bce65a4c88653f77dafbd4d3ba0d177a75549989f3529ec48c098,Gopala Giridhara Bala.pdf
Gopala Gopala Nacho Gopala,Gopala Gopala Nacho Gopala.pdf,sheets/Gopala Gopala Nacho Gopala.pdf,1,True,224106,154325,31.14,optimized_lossless,True,visual identity verified,02962bd6ba1c4655c6f5ecdc3fe9b7b98a196a962bffb1a5aae9537ebcc60826,Gopala Gopala Nacho Gopala.pdf
Gopala Gopala Radhey Nandalala,Gopala Gopala Radhey Nandalala.pdf,sheets/Gopala Gopala Radhey Nandalala.pdf,1,True,268034,185761,30.69,optimized_lossless,True,visual identity verified,c1419221ab0a0e32171c44927e341cffa3ff0593bf83939720bae71ccab622ab,Gopala Gopala Radhey Nandalala.pdf
Gopala Govinda Govinda Harey Murarey,Gopala Govinda Govinda Harey Murarey.pdf,sheets/Gopala Govinda Govinda Harey Murarey.pdf,2,True,572782,399735,30.21,optimized_lossless,True,visual identity verified,7f64a932171cec23d858a96111a8481e1d7466f91ba555d33a49279fe780d6e7,Gopala Govinda Govinda Harey Murarey.pdf
Gopala Radha Lola,Gopala Radha Lola.pdf,sheets/Gopala Radha Lola.pdf,1,True,315335,217515,31.02,optimized_lossless,True,visual identity verified,b95200cb4f597d42f41d1072177bffc05f483cd1c9252e589f05b0291b60f7cb,Gopala Radha Lola.pdf
Gopala Radhey Krishna Govinda Govinda Gopal,Gopala Radhey Krishna Govinda Govinda Gopal.pdf,sheets/Gopala Radhey Krishna Govinda Govinda Gopal.pdf,1,True,332346,230755,30.57,optimized_lossless,True,visual identity verified,c24da501f7b49e8b05c3eb9a38ca5e88d8ab2f128117aeec4678375dcf5ed605,Gopala Radhey Krishna Govinda Govinda Gopal.pdf
Govinda Bolo Gopala Bolo,Govinda Bolo Gopala Bolo.pdf,sheets/Govinda Bolo Gopala Bolo.pdf,2,True,451233,311201,31.03,optimized_lossless,True,visual identity verified,742b660773cd95d1259f9dc15832899bd93ea2d7eb8cf1737300520b71998593,Govinda Bolo Gopala Bolo.pdf
Govinda Gopal Jaya Narayana Gopal,Govinda Gopal Jaya Narayana Gopal.pdf,sheets/Govinda Gopal Jaya Narayana Gopal.pdf,1,True,422135,292851,30.63,optimized_lossless,True,visual identity verified,82cb1a8d5854b2eced7803676af2d122f7da5fc41f529c19e828bdf40e3e79c7,Govinda Gopal Jaya Narayana Gopal.pdf
Govinda Gopala Hey Nandalala,Govinda Gopala Hey Nandalala.pdf,sheets/Govinda Gopala Hey Nandalala.pdf,2,True,768347,534980,30.37,optimized_lossless,True,visual identity verified,cdf8c9d0f2470062b2b8dcc7b008dec7ccc9eba20cf0cf42e5cff49766a15ddd,Govinda Gopala Hey Nandalala.pdf
Govinda Gopala Prabhu Giridhari,Govinda Gopala Prabhu Giridhari.pdf,sheets/Govinda Gopala Prabhu Giridhari.pdf,1,True,351004,182510,48.0,optimized_lossless,True,visual identity verified,20fc857ae946c44c70415540aab9c01c5d27ae5b02665aea8a8d3c7979078845,Govinda Gopala Prabhu Giridhari.pdf
Govinda Gopala-Sheet-Music,Govinda Gopala-Sheet-Music.pdf,sheets/Govinda Gopala-Sheet-Music.pdf,2,True,750134,520229,30.65,optimized_lossless,True,visual identity verified,8a39629bedc7090a23b9c681e0acf41004060a66bfb0ae11d60b18ce507417cf,Govinda Gopala-Sheet-Music.pdf
Govinda Govinda Bhaja Mana Radhey Govinda,Govinda Govinda Bhaja Mana Radhey Govinda.pdf,sheets/Govinda Govinda Bhaja Mana Radhey Govinda.pdf,2,True,434377,293038,32.54,optimized_lossless,True,visual identity verified,ee7108aea7a04412ebe38bd5f7a5ea97faed8dc0ebd3ecea9380bfde6bee7d51,Govinda Govinda Bhaja Mana Radhey Govinda.pdf
Govinda Govinda Gayiyere Bhajo Radhey Gopala Krishna Gayiye,Govinda Govinda Gayiyere Bhajo Radhey Gopala Krishna Gayiye.pdf,sheets/Govinda Govinda Gayiyere Bhajo Radhey Gopala Krishna Gayiye.pdf,2,True,470960,314186,33.29,optimized_lossless,True,visual identity verified,ac0ba580cdb4f87e6a166fea365cb667af5cdc8c186fc0eedc9e372bffda913e,Govinda Govinda Gayiyere Bhajo Radhey Gopala Krishna Gayiye.pdf
Govinda Harey Gopala Harey Hey Gopi Gopa Bala,Govinda Harey Gopala Harey Hey Gopi Gopa Bala.pdf,sheets/Govinda Harey Gopala Harey Hey Gopi Gopa Bala.pdf,1,True,382639,174314,54.44,optimized_lossless,True,visual identity verified,b2b8afa2633bc1f9ae3e959a798c000d8a01d34b4bc7fe635a2025388f04e64e,Govinda Harey Gopala Harey Hey Gopi Gopa Bala.pdf
Govinda Jaya Govinda Gokula Nandana Govinda,Govinda Jaya Govinda Gokula Nandana Govinda.pdf,sheets/Govinda Jaya Govinda Gokula Nandana Govinda.pdf,1,True,285405,198082,30.6,optimized_lossless,True,visual identity verified,af795fdaa10673879b332697d27ba48e448ea4997f7cca14d89bec7531a855c5,Govinda Jaya Govinda Gokula Nandana Govinda.pdf
Govinda Krishna Jai Gopala Krishna Jai Gopala Pala Bala Radha Krishna Jai,Govinda Krishna Jai Gopala Krishna Jai Gopala Pala Bala Radha Krishna Jai.pdf,sheets/Govinda Krishna Jai Gopala Krishna Jai Gopala Pala Bala Radha Krishna Jai.pdf,2,True,544703,274618,49.58,optimized_lossless,True,visual identity verified,05f07f7754414976aa4e480bfe3117aaef20052ac3dadc91c9d6f59f6e3bca38,Govinda Krishna Jai Gopala Krishna Jai Gopala Pala Bala Radha Krishna Jai.pdf
Govinda Krishna Jai Gopala Krishna Jai Govinda Govinda Govinda Gopala Jai,Govinda Krishna Jai Gopala Krishna Jai Govinda Govinda Govinda Gopala Jai.pdf,sheets/Govinda Krishna Jai Gopala Krishna Jai Govinda Govinda Govinda Gopala Jai.pdf,2,True,544703,274618,49.58,optimized_lossless,True,visual identity verified,c3eac3cab0d2160313745cfd4a7fee918f5d1a820e6beca01b04388030698bdb,Govinda Krishna Jai Gopala Krishna Jai Govinda Govinda Govinda Gopala Jai.pdf
Govinda Krishna Vittaley Venu Gopala Krishna Vittaley,Govinda Krishna Vittaley Venu Gopala Krishna Vittaley.pdf,sheets/Govinda Krishna Vittaley Venu Gopala Krishna Vittaley.pdf,1,True,479518,232846,51.44,optimized_lossless,True,visual identity verified,77c18796226c0aebacb69cc614aff2869bfbb8aef677afd3e52870f9c436d15c,Govinda Krishna Vittaley Venu Gopala Krishna Vittaley.pdf
Govinda Madhava Gopala Keshava,Govinda Madhava Gopala Keshava.pdf,sheets/Govinda Madhava Gopala Keshava.pdf,2,True,476853,329737,30.85,optimized_lossless,True,visual identity verified,037973e6030320b13fab13bc030560e5d87e3162e691d61afe0776c6894f29bb,Govinda Madhava Gopala Keshava.pdf
Govinda Madhava Gopala Keshava (3),Govinda Madhava Gopala Keshava (3).pdf,sheets/Govinda Madhava Gopala Keshava (3).pdf,2,True,476853,329737,30.85,optimized_lossless,True,visual identity verified,b4f8390c8e54425710cdebd7e3c0b1e62a623ee999a8902780ce39a1bba516bb,Govinda Madhava Gopala Keshava (3).pdf
Govinda Madhava Gopala Keshava-Sheet-Music,Govinda Madhava Gopala Keshava-Sheet-Music.pdf,sheets/Govinda Madhava Gopala Keshava-Sheet-Music.pdf,2,True,476853,329737,30.85,optimized_lossless,True,visual identity verified,b4f8390c8e54425710cdebd7e3c0b1e62a623ee999a8902780ce39a1bba516bb,Govinda Madhava Gopala Keshava-Sheet-Music.pdf
Govinda Murahari Madhava,Govinda Murahari Madhava.pdf,sheets/Govinda Murahari Madhava.pdf,1,True,319983,218331,31.77,optimized_lossless,True,visual identity verified,1e0b0ffe445beaf536accadd7ada77b19653d33a006e669b78fb1c6d1325c8b9,Govinda Murahari Madhava.pdf
Govinda Muralidhara Murahara,Govinda Muralidhara Murahara.pdf,sheets/Govinda Muralidhara Murahara.pdf,1,True,300744,210730,29.93,optimized_lossless,True,visual identity verified,af4a1102bef3a50ed545a52bd16e11bf98642284ca0ef57f8eed29672f4f57a8,Govinda Muralidhara Murahara.pdf
Govinda Murari Gopala Murari,Govinda Murari Gopala Murari.pdf,sheets/Govinda Murari Gopala Murari.pdf,1,True,260947,184662,29.23,optimized_lossless,True,visual identity verified,6ea62868ded424bf55cbdd225e4c4eabe83b05096af7f14d858655fc0494f812,Govinda Murari Gopala Murari.pdf
Govinda Narayana Gopala Narayana,Govinda Narayana Gopala Narayana.pdf,sheets/Govinda Narayana Gopala Narayana.pdf,1,True,274674,188402,31.41,optimized_lossless,True,visual identity verified,53c2b1efdf9062cdccb312852a18a562e2cbfd9953b16896235c58575aece5cc,Govinda Narayana Gopala Narayana.pdf
Govinda Rama Jai Jai Gopala Rama,Govinda Rama Jai Jai Gopala Rama.pdf,sheets/Govinda Rama Jai Jai Gopala Rama.pdf,1,True,340707,179021,47.46,optimized_lossless,True,visual identity verified,00ece023014040806bbf4b5b5d52dbd6ce2b24705720bd1efa98c02dc8b2760a,Govinda Rama Jai Jai Gopala Rama.pdf
Govindam Bhaja Mooda Mathey (Bhaja),Govindam Bhaja Mooda Mathey (Bhaja).pdf,sheets/Govindam Bhaja Mooda Mathey (Bhaja).pdf,1,True,384347,203550,47.04,optimized_lossless,True,visual identity verified,810bb8d6abd06ed685ad2793ca9223e5bd5555dcdd948748ada96ab7fd422647,Govindam Bhaja Mooda Mathey (Bhaja).pdf
Govindethi Sada Snanam,Govindethi Sada Snanam.pdf,sheets/Govindethi Sada Snanam.pdf,1,True,296228,152952,48.37,optimized_lossless,True,visual identity verified,3b1b19240af8440ae59728db8c24cba3b3b574ea410b7a39deb72524fa8182ee,Govindethi Sada Snanam.pdf
Gowri Ganesh Uma Ganesh,Gowri Ganesh Uma Ganesh.pdf,sheets/Gowri Ganesh Uma Ganesh.pdf,1,True,260185,138335,46.83,optimized_lossless,True,visual identity verified,04def23887a8d0a859c688f3c3ccaa7f31fb65eea41026f8829b0d7c193754a1,Gowri Ganesh Uma Ganesh.pdf
Gowri Ganesha Vinayaka (3),Gowri Ganesha Vinayaka (3).pdf,sheets/Gowri Ganesha Vinayaka (3).pdf,2,True,820363,409697,50.06,optimized_lossless,True,visual identity verified,5a4106d18a9917f82989f46919724710ac3fe24f5f344c2ed9b1c6c3754c2656,Gowri Ganesha Vinayaka (3).pdf
Gowri Manohara Hey Nataraja,Gowri Manohara Hey Nataraja.pdf,sheets/Gowri Manohara Hey Nataraja.pdf,1,True,366757,198029,46.01,optimized_lossless,True,visual identity verified,f14187705aa8efe4cb9410870a45663953e13bb291af189eaec2eb7774729081,Gowri Manohara Hey Nataraja.pdf
Gowri Nandana Bala Gajanana,Gowri Nandana Bala Gajanana.pdf,sheets/Gowri Nandana Bala Gajanana.pdf,1,True,276411,195244,29.36,optimized_lossless,True,visual identity verified,e58f626f30b64baf2dfeb150287dc1ea2d2d5afd6052a3d0c0726f1cb3c8fc03,Gowri Nandana Bala Gajanana.pdf
Gowri Nandana Gajanana (Hey),Gowri Nandana Gajanana (Hey).pdf,sheets/Gowri Nandana Gajanana (Hey).pdf,1,True,278802,196632,29.47,optimized_lossless,True,visual identity verified,a178e1712c94b0a6d9d68d9f044c5e7583309bbb26f1c701fb0a1273efeaeef9,Gowri Nandana Gajanana (Hey).pdf
Gowri Nathaya Vishwanathaya,Gowri Nathaya Vishwanathaya.pdf,sheets/Gowri Nathaya Vishwanathaya.pdf,2,True,612477,322033,47.42,optimized_lossless,True,visual identity verified,da779ca9e2f88c518aa892fbe188d21e834b4af66bc7031a4a57d316e747d50d,Gowri Nathaya Vishwanathaya.pdf
Gowri Suthaya Om Namah Om-Sheet-Music,Gowri Suthaya Om Namah Om-Sheet-Music.pdf,sheets/Gowri Suthaya Om Namah Om-Sheet-Music.pdf,1,True,279864,149264,46.67,optimized_lossless,True,visual identity verified,e36d15c8f73a3eefa1b61edbb14a49e782fc5f95087e616339a837e479c736de,Gowri Suthaya Om Namah Om-Sheet-Music.pdf
Gowri Vara Gangadhara,Gowri Vara Gangadhara.pdf,sheets/Gowri Vara Gangadhara.pdf,2,True,497812,252243,49.33,optimized_lossless,True,visual identity verified,63a02862be84f9aa720e70a63bc4cc2d71ef7d91872f8c2f2bbdb15d6a0520d5,Gowri Vara Gangadhara.pdf
Guru Baba Guru Baba,Guru Baba Guru Baba.pdf,sheets/Guru Baba Guru Baba.pdf,1,True,257903,133020,48.42,optimized_lossless,True,visual identity verified,d8bffc3858879c49c1943c999c20cc4635d8a7d04c61c5101fc3c20861224eaf,Guru Baba Guru Baba.pdf
Guru Brahma Guru Vishnu Guru Devo Maheshwara,Guru Brahma Guru Vishnu Guru Devo Maheshwara.pdf,sheets/Guru Brahma Guru Vishnu Guru Devo Maheshwara.pdf,2,True,532108,366056,31.21,optimized_lossless,True,visual identity verified,7481990d125e2bf816639e3ef80eb840e6e5f45fc29811a518609be3dcd8041c,Guru Brahma Guru Vishnu Guru Devo Maheshwara.pdf
Guru Deva Guru Govinda,Guru Deva Guru Govinda.pdf,sheets/Guru Deva Guru Govinda.pdf,1,True,385221,178801,53.58,optimized_lossless,True,visual identity verified,01fe511ab350978baacf8e9ec59f8e5e6c5388a85877c9b87388499d4ff7e442,Guru Deva Guru Govinda.pdf
Guru Deva Priya Deva Sai Deva Dayamaya,Guru Deva Priya Deva Sai Deva Dayamaya.pdf,sheets/Guru Deva Priya Deva Sai Deva Dayamaya.pdf,2,True,468616,233985,50.07,optimized_lossless,True,visual identity verified,724d76bd1fcc545a053a82b0b180996094b523b91ee9333c64170ea7db514274,Guru Deva Priya Deva Sai Deva Dayamaya.pdf
Guru Deva Sharanam Deva,Guru Deva Sharanam Deva.pdf,sheets/Guru Deva Sharanam Deva.pdf,1,True,257513,178784,30.57,optimized_lossless,True,visual identity verified,5c440834e7f1f57db57a35dd942b83a33de5d8b98ac656a1cc3e34776bd3b53d,Guru Deva Sharanam Deva.pdf
Guru Devaya Namo Namo,Guru Devaya Namo Namo.pdf,sheets/Guru Devaya Namo Namo.pdf,1,True,308929,210416,31.89,optimized_lossless,True,visual identity verified,65f9fb25279862bed3aaf96fae55bd42c54f57385495297dcd73ea12e76b622f,Guru Devaya Namo Namo.pdf
Guru Mahima Gao (3),Guru Mahima Gao (3).pdf,sheets/Guru Mahima Gao (3).pdf,2,True,598282,408705,31.69,optimized_lossless,True,visual identity verified,c426934d43dd0f794b39b2f241752bb44c9db4ed364f19150b9cba0520fdf56a,Guru Mahima Gao (3).pdf
Guru Nanak Ji Ki Jai Jai Kaar,Guru Nanak Ji Ki Jai Jai Kaar.pdf,sheets/Guru Nanak Ji Ki Jai Jai Kaar.pdf,2,True,356682,241296,32.35,optimized_lossless,True,visual identity verified,823b88ed7e27e1fb8823709136d6f4eb109fa1c80a1e61c9b2ae7dce2a812959,Guru Nanak Ji Ki Jai Jai Kaar.pdf
Guruvara Naam Pavana Naam,Guruvara Naam Pavana Naam.pdf,sheets/Guruvara Naam Pavana Naam.pdf,1,True,308464,210302,31.82,optimized_lossless,True,visual identity verified,d3d1dbe5abd6c7d99eb271ec3824e903d61b76d498b341a5bd6202febf33afb2,Guruvara Naam Pavana Naam.pdf
Guruvayurpura Sri Hari Krishna Narayana Gopal,Guruvayurpura Sri Hari Krishna Narayana Gopal.pdf,sheets/Guruvayurpura Sri Hari Krishna Narayana Gopal.pdf,2,True,471719,327022,30.67,optimized_lossless,True,visual identity verified,7d0d1c2c34601b5369836aeaa85b40fec8f79649704f55f556c751a3bc82a753,Guruvayurpura Sri Hari Krishna Narayana Gopal.pdf
"Hara Bhola Natha Uma Pathey, Shambho Shankara Pashupathey","Hara Bhola Natha Uma Pathey, Shambho Shankara Pashupathey.pdf","sheets/Hara Bhola Natha Uma Pathey, Shambho Shankara Pashupathey.pdf",1,True,290105,153687,47.02,optimized_lossless,True,visual identity verified,813f1746843f8affe8333f94f19cacbc9fc264332fcab6230ca633b0b738cc61,"Hara Bhola Natha Uma Pathey, Shambho Shankara Pashupathey.pdf"
Hara Hara Gangey Hara Hara Gangey,Hara Hara Gangey Hara Hara Gangey.pdf,sheets/Hara Hara Gangey Hara Hara Gangey.pdf,2,True,530945,268921,49.35,optimized_lossless,True,visual identity verified,40b628573492b318648e3d42ff6e642f4e877d854029a8aa82457027ddbfb91d,Hara Hara Gangey Hara Hara Gangey.pdf
Hara Hara Hara Hara Mahadeva,Hara Hara Hara Hara Mahadeva.pdf,sheets/Hara Hara Hara Hara Mahadeva.pdf,2,True,446524,220263,50.67,optimized_lossless,True,visual identity verified,435f919be2e9174604892745fb67dc6c23682dc9ae9b2b65f92998c6ab478560,Hara Hara Hara Hara Mahadeva.pdf
Hara Hara Hara Hara Namami Shankara Bhaja Mana Sai Ram,Hara Hara Hara Hara Namami Shankara Bhaja Mana Sai Ram.pdf,sheets/Hara Hara Hara Hara Namami Shankara Bhaja Mana Sai Ram.pdf,1,True,276910,145025,47.63,optimized_lossless,True,visual identity verified,4885280fc389e8eb39bc6fd9ec9dcb70d1b2e721e49666cdd7590d26c75b62a7,Hara Hara Hara Hara Namami Shankara Bhaja Mana Sai Ram.pdf
Hara Hara Hara Hara Samba Shiva,Hara Hara Hara Hara Samba Shiva.pdf,sheets/Hara Hara Hara Hara Samba Shiva.pdf,1,True,356628,189485,46.87,optimized_lossless,True,visual identity verified,e4b64624f12fb3fe0f2b58ad756aeacc8916c8e43ff66598d5a5503d53fb7302,Hara Hara Hara Hara Samba Shiva.pdf
Hara Hara Shambho Karuna Sindho,Hara Hara Shambho Karuna Sindho.pdf,sheets/Hara Hara Shambho Karuna Sindho.pdf,1,True,348823,185412,46.85,optimized_lossless,True,visual identity verified,eb10c6668788017b28a8812221eeff7bbb0aca35170976b273ac404d5b04d08d,Hara Hara Shambho Karuna Sindho.pdf
Hara Hara Shankara Samba Sadashiva Esha Mahesha,Hara Hara Shankara Samba Sadashiva Esha Mahesha.pdf,sheets/Hara Hara Shankara Samba Sadashiva Esha Mahesha.pdf,2,True,529053,272455,48.5,optimized_lossless,True,visual identity verified,53380ca483ad21853f3ee11058d9ba4b874b08e5a5d80822cd106b53468481de,Hara Hara Shankara Samba Sadashiva Esha Mahesha.pdf
Hara Shiva Shankara Bholey Nath Shirdi Pureeshwara Sai Nath,Hara Shiva Shankara Bholey Nath Shirdi Pureeshwara Sai Nath.pdf,sheets/Hara Shiva Shankara Bholey Nath Shirdi Pureeshwara Sai Nath.pdf,1,True,396874,190183,52.08,optimized_lossless,True,visual identity verified,7e175342ed0437fa5df562c4ded384beeb4e28a543d1d39a13b5a78ecb7e2bd5,Hara Shiva Shankara Bholey Nath Shirdi Pureeshwara Sai Nath.pdf
Hara Shiva Shankara Shashankha Shekara Hara Bham Hara Bham Bham Bham Bolo,Hara Shiva Shankara Shashankha Shekara Hara Bham Hara Bham Bham Bham Bolo.pdf,sheets/Hara Shiva Shankara Shashankha Shekara Hara Bham Hara Bham Bham Bham Bolo.pdf,1,True,399649,181224,54.65,optimized_lossless,True,visual identity verified,289146b27451eee6e0d357e5512dccc0ff46b65997d9f6553a43e502e26f98f6,Hara Shiva Shankara Shashankha Shekara Hara Bham Hara Bham Bham Bham Bolo.pdf
Harey Krishna Harey Krishna Krishna Krishna Harey Harey,Harey Krishna Harey Krishna Krishna Krishna Harey Harey.pdf,sheets/Harey Krishna Harey Krishna Krishna Krishna Harey Harey.pdf,1,True,389246,203849,47.63,optimized_lossless,True,visual identity verified,c0f59633820874eebfce20e5ca90866a807dd7edf3356f39c03c9fae8897cd52,Harey Krishna Harey Krishna Krishna Krishna Harey Harey.pdf
Harey Krishna Harey Ram Sai Ram Sai Ram,Harey Krishna Harey Ram Sai Ram Sai Ram.pdf,sheets/Harey Krishna Harey Ram Sai Ram Sai Ram.pdf,1,True,329859,225345,31.68,optimized_lossless,True,visual identity verified,46f116b03e94b13fe1e12c29987d01a537f31b838aebf39ec64bfbd35232ebac,Harey Krishna Harey Ram Sai Ram Sai Ram.pdf
Harey Murarey Sai Ram Harey Murarey Ram,Harey Murarey Sai Ram Harey Murarey Ram.pdf,sheets/Harey Murarey Sai Ram Harey Murarey Ram.pdf,1,True,337205,234477,30.46,optimized_lossless,True,visual identity verified,67a7c9fc4d97b2b2008fb180f93741a81b1fd1ddfbd16cacf6d01d483c03d297,Harey Murarey Sai Ram Harey Murarey Ram.pdf
Harey Ram Harey Ram Harey Rama Krishna Harey Ram,Harey Ram Harey Ram Harey Rama Krishna Harey Ram.pdf,sheets/Harey Ram Harey Ram Harey Rama Krishna Harey Ram.pdf,1,True,407946,191500,53.06,optimized_lossless,True,visual identity verified,e948bbf0d6def4993139a9dd0bf2dbbb6b011e15359cd47534a5b792f8162b93,Harey Ram Harey Ram Harey Rama Krishna Harey Ram.pdf
Harey Sai Harey Sai Sai-Sheet-Music,Harey Sai Harey Sai Sai-Sheet-Music.pdf,sheets/Harey Sai Harey Sai Sai-Sheet-Music.pdf,2,True,594750,411602,30.79,optimized_lossless,True,visual identity verified,765cde1b4b77654b147a2895b0b0a3f205aa199f2f1bca3c2e93b71e61962eea,Harey Sai Harey Sai Sai-Sheet-Music.pdf
Hari Anandamaya Jaya Narayana ( Sai ),Hari Anandamaya Jaya Narayana ( Sai ).pdf,sheets/Hari Anandamaya Jaya Narayana ( Sai ).pdf,1,True,284288,194070,31.73,optimized_lossless,True,visual identity verified,d39c7a6235032ba4598d7657f5f5b5f57673e7628b4e06ea7bf56ea789ec7e28,Hari Anandamaya Jaya Narayana ( Sai ).pdf
Hari Bhajana Bina Sukh Shanthi Nahin,Hari Bhajana Bina Sukh Shanthi Nahin.pdf,sheets/Hari Bhajana Bina Sukh Shanthi Nahin.pdf,2,True,574211,290784,49.36,optimized_lossless,True,visual identity verified,4e1a3adbd74de3db4ca2819445b6455f2760a6d4573bad4a00c1502e6c9b9f87,Hari Bhajana Bina Sukh Shanthi Nahin.pdf
Hari Bol Hari Bol Hari Hari Bol,Hari Bol Hari Bol Hari Hari Bol.pdf,sheets/Hari Bol Hari Bol Hari Hari Bol.pdf,1,True,364298,249832,31.42,optimized_lossless,True,visual identity verified,15ba4e15e49506dc5b8e37b31dadfd25c8dbad3e7a2b38ebc080a0191c31c197,Hari Bol Hari Bol Hari Hari Bol.pdf
Hari Bolo Harey Rama Naam,Hari Bolo Harey Rama Naam.pdf,sheets/Hari Bolo Harey Rama Naam.pdf,2,True,562400,389136,30.81,optimized_lossless,True,visual identity verified,34a4c9964a054f5d3d053add63840251af86752e564300e1ae893b6ae3248abf,Hari Bolo Harey Rama Naam.pdf
Hari Guna Gaana Karo Mana Mero,Hari Guna Gaana Karo Mana Mero.pdf,sheets/Hari Guna Gaana Karo Mana Mero.pdf,2,True,612290,433976,29.12,optimized_lossless,True,visual identity verified,be5988ab00b40858bea4a4c86aa23b87f8413f3861fd9ca9e953692fd9c7a5d3,Hari Guna Gaana Karo Mana Mero.pdf
Hari Hari Bhajo Mana Sai Ram Bhajorey,Hari Hari Bhajo Mana Sai Ram Bhajorey.pdf,sheets/Hari Hari Bhajo Mana Sai Ram Bhajorey.pdf,1,True,420564,293934,30.11,optimized_lossless,True,visual identity verified,8ce940ba1ff5a526ca45dbf4d996b5e8d7daedafab2b14f2d263b291d185c0ed,Hari Hari Bhajo Mana Sai Ram Bhajorey.pdf
Hari Hari Govinda Narayana,Hari Hari Govinda Narayana.pdf,sheets/Hari Hari Govinda Narayana.pdf,1,True,322438,227312,29.5,optimized_lossless,True,visual identity verified,329c3e2264e1d501de6a5e5085ba76544511dd300b5c4ce46a6602692699a65e,Hari Hari Govinda Narayana.pdf
Hari Hari Hari Hari Hari Hari Bolo,Hari Hari Hari Hari Hari Hari Bolo.pdf,sheets/Hari Hari Hari Hari Hari Hari Bolo.pdf,1,True,337542,230382,31.75,optimized_lossless,True,visual identity verified,81154287a2b0d4898b7b7b26463ab5f6178c23945c0dd6bfb19322aeea753c4b,Hari Hari Hari Hari Hari Hari Bolo.pdf
Hari Hari Hari Hari Smaran Karo,Hari Hari Hari Hari Smaran Karo.pdf,sheets/Hari Hari Hari Hari Smaran Karo.pdf,1,True,352348,181798,48.4,optimized_lossless,True,visual identity verified,1e28ff5335809ed15dfc57323fd846d9b89973af3218f54a07dbc5f00f58b3fb,Hari Hari Hari Hari Smaran Karo.pdf
Hari Hari Narayana,Hari Hari Narayana.pdf,sheets/Hari Hari Narayana.pdf,1,True,282018,148792,47.24,optimized_lossless,True,visual identity verified,67a468890bbe9a4f21e5018b6105a6ba97414c02b3c0cb297b55eb815f4e69d2,Hari Hari Narayana.pdf
Hari Hari Narayana... Hari Govinda Narayana,Hari Hari Narayana... Hari Govinda Narayana.pdf,sheets/Hari Hari Narayana... Hari Govinda Narayana.pdf,1,True,282018,148792,47.24,optimized_lossless,True,visual identity verified,a82cef3ce4aa60820ab432c79cc91d1440942c5f31587d3779ea2cd55691cf39,Hari Hari Narayana... Hari Govinda Narayana.pdf
Hari Hari Om Shiva Shankara Om,Hari Hari Om Shiva Shankara Om.pdf,sheets/Hari Hari Om Shiva Shankara Om.pdf,2,True,427658,215684,49.57,optimized_lossless,True,visual identity verified,5148baddb6358053281502cc4912938784a4f2ff4ffc6516449703c79b936af8,Hari Hari Om Shiva Shankara Om.pdf
Hari Hari Sumiran Hari Hari Bhajo Man,Hari Hari Sumiran Hari Hari Bhajo Man.pdf,sheets/Hari Hari Sumiran Hari Hari Bhajo Man.pdf,1,True,330565,179540,45.69,optimized_lossless,True,visual identity verified,194c41f70f3d5ec898166ce2ae71c71f53cbbebda352585869468a16132ffbba,Hari Hari Sumiran Hari Hari Bhajo Man.pdf
Hari Naam Gaate Chalo Sai Naam Gaate Chalo,Hari Naam Gaate Chalo Sai Naam Gaate Chalo.pdf,sheets/Hari Naam Gaate Chalo Sai Naam Gaate Chalo.pdf,2,True,579445,299827,48.26,optimized_lossless,True,visual identity verified,b32735568df2bd385a096b4af48b567f1a2d785133f1816a5f987bfe49c34635,Hari Naam Gaate Chalo Sai Naam Gaate Chalo.pdf
Hari Narayana Hari Narayana,Hari Narayana Hari Narayana.pdf,sheets/Hari Narayana Hari Narayana.pdf,1,True,240202,167476,30.28,optimized_lossless,True,visual identity verified,53de336002d4fca943a82d989ee1ab7d25e3cd2f35535c04da3f0da38138b504,Hari Narayana Hari Narayana.pdf
Hari Om Ananda Narayana,Hari Om Ananda Narayana.pdf,sheets/Hari Om Ananda Narayana.pdf,1,True,375362,202647,46.01,optimized_lossless,True,visual identity verified,75f32625342bcba4ccd9854f5ba6170e4f2936c51079e381e1a986d7f80bb220,Hari Om Ananda Narayana.pdf
Hari Om Hari Om Hari Om Narayana (2),Hari Om Hari Om Hari Om Narayana (2).pdf,sheets/Hari Om Hari Om Hari Om Narayana (2).pdf,2,True,453535,229352,49.43,optimized_lossless,True,visual identity verified,74d5ed28c3e274268f2856c6456c6a44dcd21463b41f2b23f3abe62c001a6b83,Hari Om Hari Om Hari Om Narayana (2).pdf
Hari Om Namah Shivaya,Hari Om Namah Shivaya.pdf,sheets/Hari Om Namah Shivaya.pdf,1,True,272938,145108,46.83,optimized_lossless,True,visual identity verified,aba56c0f8b2bb9e48c68ea0c52bf14e883b1ca2bbaf33d9b5012a79a51c8df1d,Hari Om Namah Shivaya.pdf
Hari Om Namah Shivaya (2),Hari Om Namah Shivaya (2).pdf,sheets/Hari Om Namah Shivaya (2).pdf,1,True,358837,191905,46.52,optimized_lossless,True,visual identity verified,d5b997a4c796d21e1feb0280ea5f3881ab3d68820fb600cea53f3d39c4aa09d1,Hari Om Namah Shivaya (2).pdf
Hari Om Namo Shiva Shakthi Namo,Hari Om Namo Shiva Shakthi Namo.pdf,sheets/Hari Om Namo Shiva Shakthi Namo.pdf,1,True,293408,202301,31.05,optimized_lossless,True,visual identity verified,26ff1054c69ff5d4ec695132a5218dc98e22952fbe9e0666ee5bd4adaa09f897,Hari Om Namo Shiva Shakthi Namo.pdf
Hari Om Tat Sath Namah Shivaya,Hari Om Tat Sath Namah Shivaya.pdf,sheets/Hari Om Tat Sath Namah Shivaya.pdf,2,True,557834,281772,49.49,optimized_lossless,True,visual identity verified,52d1ec407a774d5d8b4b601a2fb0caf5d1251caa0a4e4cde78b543b24ba9e758,Hari Om Tat Sath Namah Shivaya.pdf
Hari Sri Ganapathi Om,Hari Sri Ganapathi Om.pdf,sheets/Hari Sri Ganapathi Om.pdf,1,True,352555,186478,47.11,optimized_lossless,True,visual identity verified,35810a9fb9292aab30efc857e3b3304bed95bf233ea4770bc63b9bb79cde6be9,Hari Sri Ganapathi Om.pdf
Hey Anatha Nath Sai Tum Ho Antaryami,Hey Anatha Nath Sai Tum Ho Antaryami.pdf,sheets/Hey Anatha Nath Sai Tum Ho Antaryami.pdf,2,True,646228,455973,29.44,optimized_lossless,True,visual identity verified,b15b1a56a3c705ba149c94348854e0752743454cf2a881dd26b90ba77f6aee02,Hey Anatha Nath Sai Tum Ho Antaryami.pdf
Hey Brahma Hey Vishnu,Hey Brahma Hey Vishnu.pdf,sheets/Hey Brahma Hey Vishnu.pdf,1,True,559052,385349,31.07,optimized_lossless,True,visual identity verified,a576cf9bef4eecaf0e6e659b671027bd8d583c0e757943e72cd8d86515faf509,Hey Brahma Hey Vishnu.pdf
Hey Brij Bal Yadu Nanda-Sheet-Music,Hey Brij Bal Yadu Nanda-Sheet-Music.pdf,sheets/Hey Brij Bal Yadu Nanda-Sheet-Music.pdf,1,True,276197,194762,29.48,optimized_lossless,True,visual identity verified,653590a3f17d7fa1e37159d8b1e23241f6b34463a04b2a029f612af5f76f82ae,Hey Brij Bal Yadu Nanda-Sheet-Music.pdf
Hey Chinmayi Sai Janani,Hey Chinmayi Sai Janani.pdf,sheets/Hey Chinmayi Sai Janani.pdf,1,True,389728,207378,46.79,optimized_lossless,True,visual identity verified,f06abc5dd2b2e7e69e448c78980778d96f73121a5bf4fa2220ccece5cea73589,Hey Chinmayi Sai Janani.pdf
Hey Deena Dayalu Harey Harey Sai Ram Harey Harey,Hey Deena Dayalu Harey Harey Sai Ram Harey Harey.pdf,sheets/Hey Deena Dayalu Harey Harey Sai Ram Harey Harey.pdf,1,True,323403,223631,30.85,optimized_lossless,True,visual identity verified,310a3156555583a4fcfa693eb56a7af40c3f4af74488d97c51b5dc07bbf692df,Hey Deena Dayalu Harey Harey Sai Ram Harey Harey.pdf
Hey Deena Dayalu Sai Rama Ram,Hey Deena Dayalu Sai Rama Ram.pdf,sheets/Hey Deena Dayalu Sai Rama Ram.pdf,1,True,504563,241078,52.22,optimized_lossless,True,visual identity verified,bf8b86b8641bd921fa8255268527c8847dfedf97f65d083812f7170edc06168c,Hey Deena Dayalu Sai Rama Ram.pdf
Hey Gananatha Gajanana,Hey Gananatha Gajanana.pdf,sheets/Hey Gananatha Gajanana.pdf,1,True,371473,196517,47.1,optimized_lossless,True,visual identity verified,6e9a592ceffa6962a8a1c410f0511f5a0c534f51bc2337d7ef672c9469277fbe,Hey Gananatha Gajanana.pdf
Hey Govinda Hey Gopala Hey Madhava Madhusudhana,Hey Govinda Hey Gopala Hey Madhava Madhusudhana.pdf,sheets/Hey Govinda Hey Gopala Hey Madhava Madhusudhana.pdf,2,True,442469,307843,30.43,optimized_lossless,True,visual identity verified,fe7531a0c8ee35ca6a4a4da90de99a283f0d97bf3c5afbebf716c5aabb13d8a9,Hey Govinda Hey Gopala Hey Madhava Madhusudhana.pdf
Hey Indushekara Raja Shiva Raja Shankara,Hey Indushekara Raja Shiva Raja Shankara.pdf,sheets/Hey Indushekara Raja Shiva Raja Shankara.pdf,1,True,318008,219849,30.87,optimized_lossless,True,visual identity verified,8796fbf969df24f2815386072d41f11db80b50aa28131e81b5037267af9a45c2,Hey Indushekara Raja Shiva Raja Shankara.pdf
Hey Kamala Vadana Sai Ranga,Hey Kamala Vadana Sai Ranga.pdf,sheets/Hey Kamala Vadana Sai Ranga.pdf,2,True,502149,259531,48.32,optimized_lossless,True,visual identity verified,2a8327ae52220d60b89eccade515fbd9149b5ddf4c7fd0088c1c6c0921d605aa,Hey Kamala Vadana Sai Ranga.pdf
Hey Krishna Madhava Govinda Gopala,Hey Krishna Madhava Govinda Gopala.pdf,sheets/Hey Krishna Madhava Govinda Gopala.pdf,2,True,572291,400730,29.98,optimized_lossless,True,visual identity verified,fc916eaf5dc3ffb6f576111bbc1664a5b8b0b4d9323f4e06d66796b061a07e3e,Hey Krishna Madhava Govinda Gopala.pdf
Hey Madhava Hey Madhusudhana,Hey Madhava Hey Madhusudhana.pdf,sheets/Hey Madhava Hey Madhusudhana.pdf,1,True,270969,139280,48.6,optimized_lossless,True,visual identity verified,ff808145f9bc42012103d05565851a72531227b74568b3678ab2f5c3491459d1,Hey Madhava Hey Madhusudhana.pdf
Hey Madhava Yadu Nandana,Hey Madhava Yadu Nandana.pdf,sheets/Hey Madhava Yadu Nandana.pdf,1,True,233291,163829,29.77,optimized_lossless,True,visual identity verified,51380af8517836fb3e266d455e6a6acdfbb5a84feddae3e416a6fe81fc52bb69,Hey Madhava Yadu Nandana.pdf
Hey Nanda Nanda Gopala Ananda Nanda Gopala (2),Hey Nanda Nanda Gopala Ananda Nanda Gopala (2).pdf,sheets/Hey Nanda Nanda Gopala Ananda Nanda Gopala (2).pdf,1,True,277316,190149,31.43,optimized_lossless,True,visual identity verified,7d2ddfd93a736d3789a5111c0213969aef49c0a6f3a02a6a6a6bba956c639156,Hey Nanda Nanda Gopala Ananda Nanda Gopala (2).pdf
Hey Nirakari Allah Hey Avatari Prabhu Ram,Hey Nirakari Allah Hey Avatari Prabhu Ram.pdf,sheets/Hey Nirakari Allah Hey Avatari Prabhu Ram.pdf,2,True,418072,290813,30.44,optimized_lossless,True,visual identity verified,91983fde3e291a68de2cd047538ab88cacc09de3c9b8b3c6d20d106488afa77a,Hey Nirakari Allah Hey Avatari Prabhu Ram.pdf
Hey Parthi Pureesha Prashanthi Vasa Sadguru Sai Ram,Hey Parthi Pureesha Prashanthi Vasa Sadguru Sai Ram.pdf,sheets/Hey Parthi Pureesha Prashanthi Vasa Sadguru Sai Ram.pdf,2,True,450019,302004,32.89,optimized_lossless,True,visual identity verified,e47ff7d4f398e6425ed141df20e0ce47272ca25b4c15a3fb17aa1b700890fe9c,Hey Parthi Pureesha Prashanthi Vasa Sadguru Sai Ram.pdf
Hey Parthi Pureesha Prashanthi Vasa Sai Murari,Hey Parthi Pureesha Prashanthi Vasa Sai Murari.pdf,sheets/Hey Parthi Pureesha Prashanthi Vasa Sai Murari.pdf,2,True,450019,302004,32.89,optimized_lossless,True,visual identity verified,97cf456b3c87926fd53707b6ed85846feb95fb2b37f21bec9646c88b46cda2fc,Hey Parthi Pureesha Prashanthi Vasa Sai Murari.pdf
Hey Ram Bhagawan-Sheet-Music,Hey Ram Bhagawan-Sheet-Music.pdf,sheets/Hey Ram Bhagawan-Sheet-Music.pdf,1,True,402236,213440,46.94,optimized_lossless,True,visual identity verified,ccb85ad672e990c43345342036c950aa926f250603f6bc66bcecfbdb7eb36418,Hey Ram Bhagawan-Sheet-Music.pdf
Hey Ram Parthi Pureeshwara Ram,Hey Ram Parthi Pureeshwara Ram.pdf,sheets/Hey Ram Parthi Pureeshwara Ram.pdf,2,True,433129,217387,49.81,optimized_lossless,True,visual identity verified,3bdabc13a19995df18c0235cfe932976f095c9bb8df726a04da891ecada9fa0f,Hey Ram Parthi Pureeshwara Ram.pdf
Hey Rama Dootha Hey Rama Bhaktha Hey Rama Daasa Namo Namo,Hey Rama Dootha Hey Rama Bhaktha Hey Rama Daasa Namo Namo.pdf,sheets/Hey Rama Dootha Hey Rama Bhaktha Hey Rama Daasa Namo Namo.pdf,1,True,308666,160704,47.94,optimized_lossless,True,visual identity verified,beb91d1f57697544fa150e1d12ecfed045001af60f8c7015b1e7aa9397a6ee78,Hey Rama Dootha Hey Rama Bhaktha Hey Rama Daasa Namo Namo.pdf
Hey Rama Narayana,Hey Rama Narayana.pdf,sheets/Hey Rama Narayana.pdf,1,True,283986,149495,47.36,optimized_lossless,True,visual identity verified,5b428f9d465a2dbcc9d42ec3a66eb6de07e75146fa7d1be53962d4394b106520,Hey Rama Narayana.pdf
Hey Sai Jagannatha Hey Sai Jagannatha Hey Sai Jagannatha,Hey Sai Jagannatha Hey Sai Jagannatha Hey Sai Jagannatha.pdf,sheets/Hey Sai Jagannatha Hey Sai Jagannatha Hey Sai Jagannatha.pdf,2,True,426929,297061,30.42,optimized_lossless,True,visual identity verified,24b2a25833fb0b7bf91b0ab511efebc33028b8abcd29a614b9f7d70ae22a0029,Hey Sai Jagannatha Hey Sai Jagannatha Hey Sai Jagannatha.pdf
Hey Sai Ranga Hey Panduranga,Hey Sai Ranga Hey Panduranga.pdf,sheets/Hey Sai Ranga Hey Panduranga.pdf,1,True,316642,165654,47.68,optimized_lossless,True,visual identity verified,093120604d9aa4628af8c1ae79f4406bdb84083d7dbf08931177fd61ea8c65a4,Hey Sai Ranga Hey Panduranga.pdf
Hey Shesha Shayana Narayana,Hey Shesha Shayana Narayana.pdf,sheets/Hey Shesha Shayana Narayana.pdf,1,True,293105,153387,47.67,optimized_lossless,True,visual identity verified,8e9f8a1e0ef8160a2a5346778a29636afa09c6f0d190f993a52f0935463e4e0e,Hey Shesha Shayana Narayana.pdf
Hey Shiva Nandana Jaya Jaga Vandana,Hey Shiva Nandana Jaya Jaga Vandana.pdf,sheets/Hey Shiva Nandana Jaya Jaga Vandana.pdf,1,True,287283,153592,46.54,optimized_lossless,True,visual identity verified,460c84a706f0cad7c8d364dea0e2f8388f04b834c2a56fbd33fd721e7f86783b,Hey Shiva Nandana Jaya Jaga Vandana.pdf
Hey Shiva Shankara Namami Shankara Shiva Shankara Shambho,Hey Shiva Shankara Namami Shankara Shiva Shankara Shambho.pdf,sheets/Hey Shiva Shankara Namami Shankara Shiva Shankara Shambho.pdf,1,True,282204,146987,47.91,optimized_lossless,True,visual identity verified,b603ae0eff9bb11b7129d5bbe5e608bef7622412e128c896aa155bfc06b09e28,Hey Shiva Shankara Namami Shankara Shiva Shankara Shambho.pdf
Hey Shyama Sundara Hey Sai Sundara,Hey Shyama Sundara Hey Sai Sundara.pdf,sheets/Hey Shyama Sundara Hey Sai Sundara.pdf,2,True,481144,334380,30.5,optimized_lossless,True,visual identity verified,55c24f5669e838c669eb11946645eafbdeb5697df0178749062298b1446a1110,Hey Shyama Sundara Hey Sai Sundara.pdf
Hey Vishwa Janani Sri Sai Janani,Hey Vishwa Janani Sri Sai Janani.pdf,sheets/Hey Vishwa Janani Sri Sai Janani.pdf,1,True,293641,154766,47.29,optimized_lossless,True,visual identity verified,72877950d52532bc0375c9bf3bbb28a6dce7f981a9de6f735520db19f1abd8d3,Hey Vishwa Janani Sri Sai Janani.pdf
Hey Vishwa Pala Gopala,Hey Vishwa Pala Gopala.pdf,sheets/Hey Vishwa Pala Gopala.pdf,1,True,232174,162040,30.21,optimized_lossless,True,visual identity verified,f31b9d17dc412836f45056875178209520db205e4daaa025b7375fc58f9ac91c,Hey Vishwa Pala Gopala.pdf
Hey Vishwanath Hey Gowri Nath Hey Sai Nath Bhagawan,Hey Vishwanath Hey Gowri Nath Hey Sai Nath Bhagawan.pdf,sheets/Hey Vishwanath Hey Gowri Nath Hey Sai Nath Bhagawan.pdf,2,True,460873,233380,49.36,optimized_lossless,True,visual identity verified,bca265d022a2e49dd576a4137ac53c0542b7511f335a663fde6d736e21703634,Hey Vishwanath Hey Gowri Nath Hey Sai Nath Bhagawan.pdf
Hum Sab Milkar Mangal Gaayen,Hum Sab Milkar Mangal Gaayen.pdf,sheets/Hum Sab Milkar Mangal Gaayen.pdf,2,True,541928,375074,30.79,optimized_lossless,True,visual identity verified,564456fc12567e2dfa0289c5b4ecb57c805f306a9f34910447e0ffb68e368409,Hum Sab Milkar Mangal Gaayen.pdf
Jagadambe Devi Bhavani,Jagadambe Devi Bhavani.pdf,sheets/Jagadambe Devi Bhavani.pdf,2,True,442467,222343,49.75,optimized_lossless,True,visual identity verified,940c9e061d3556937122f8f43c383afb631031855e70f179d59b97b0fafa7eef,Jagadambe Devi Bhavani.pdf
Jagadashraya Sri Raghu Rama,Jagadashraya Sri Raghu Rama.pdf,sheets/Jagadashraya Sri Raghu Rama.pdf,1,True,312063,165311,47.03,optimized_lossless,True,visual identity verified,d8846776616099b1a620ccce770ed2516dc7c2a7522a4dfcb3da1e3af05feaf7,Jagadashraya Sri Raghu Rama.pdf
Jagadeesha Harey Jaya Ho,Jagadeesha Harey Jaya Ho.pdf,sheets/Jagadeesha Harey Jaya Ho.pdf,2,True,379034,260168,31.36,optimized_lossless,True,visual identity verified,2e31f66ec63f239af82b7b0299b2c828b7081861db790c4040200dc4351551c3,Jagadeesha Harey Jaya Ho.pdf
Jagadeeshwari Daya Karo Ma,Jagadeeshwari Daya Karo Ma.pdf,sheets/Jagadeeshwari Daya Karo Ma.pdf,1,True,349751,183651,47.49,optimized_lossless,True,visual identity verified,45bd7883164dc046599efc9fb9b8c3cbb6e5f0af4ba42f8cc3e8923c90331f52,Jagadeeshwari Daya Karo Ma.pdf
Jagadeeshwari Jaya Mata Bhavani,Jagadeeshwari Jaya Mata Bhavani.pdf,sheets/Jagadeeshwari Jaya Mata Bhavani.pdf,1,True,359786,189496,47.33,optimized_lossless,True,visual identity verified,2d24f6e5c48717b5426ab22faf6ca4ef4446c4ec89165136145c7ca6025468da,Jagadeeshwari Jaya Mata Bhavani.pdf
Jagadodharini Mata Durga Jagadodharini Ma,Jagadodharini Mata Durga Jagadodharini Ma.pdf,sheets/Jagadodharini Mata Durga Jagadodharini Ma.pdf,1,True,387256,181957,53.01,optimized_lossless,True,visual identity verified,4a086ace78f1d47ba151a21e5b9c15fc2d1120047ed9d8d634a9a5dd6d09445f,Jagadodharini Mata Durga Jagadodharini Ma.pdf
Jagamey Sarvam Vishnu Mayam,Jagamey Sarvam Vishnu Mayam.pdf,sheets/Jagamey Sarvam Vishnu Mayam.pdf,2,True,595467,408805,31.35,optimized_lossless,True,visual identity verified,215298dbedbd8d29a82d9666d4f234795f58d8b1a60f076443a8fe3f80bea4e0,Jagamey Sarvam Vishnu Mayam.pdf
Jaganmatey Jagat Janani,Jaganmatey Jagat Janani.pdf,sheets/Jaganmatey Jagat Janani.pdf,1,True,277538,144317,48.0,optimized_lossless,True,visual identity verified,3eed9aab8a2f3b15e0549670da4e48332450857229216bffb624ca2d6cce3561,Jaganmatey Jagat Janani.pdf
Jagat Janani Shiva Sai Shankari,Jagat Janani Shiva Sai Shankari.pdf,sheets/Jagat Janani Shiva Sai Shankari.pdf,1,True,298198,154583,48.16,optimized_lossless,True,visual identity verified,ce826a0166f90cd28609d234589d22af1ca59cb366bad641ca60750ba7b68d82,Jagat Janani Shiva Sai Shankari.pdf
Jagat Palana Jaganmohana,Jagat Palana Jaganmohana.pdf,sheets/Jagat Palana Jaganmohana.pdf,2,True,507714,353938,30.29,optimized_lossless,True,visual identity verified,ddb5e4a828de2b36eea50a20f7f9672a3bbf5cddc5716bbe6884377887f83c32,Jagat Palana Jaganmohana.pdf
Jagata Uddharana Parthi Viharana,Jagata Uddharana Parthi Viharana.pdf,sheets/Jagata Uddharana Parthi Viharana.pdf,1,True,331124,230441,30.41,optimized_lossless,True,visual identity verified,e931feb865d634c2a68287277988f68dd6d20e1e88561c7811c891f75d83b961,Jagata Uddharana Parthi Viharana.pdf
Jagatpathey Hari Sai Gopala,Jagatpathey Hari Sai Gopala.pdf,sheets/Jagatpathey Hari Sai Gopala.pdf,2,True,405706,284356,29.91,optimized_lossless,True,visual identity verified,b37c3eddbcf19e42cdedcc833fcddeb1510432f7744bbf7049d9ca3f1a83ea97,Jagatpathey Hari Sai Gopala.pdf
Jago Jago Jago Shankara,Jago Jago Jago Shankara.pdf,sheets/Jago Jago Jago Shankara.pdf,2,True,426539,213889,49.85,optimized_lossless,True,visual identity verified,e0b97742282c92c717baf134f416f4703cf3125f614920e9195f8b51355e43a8,Jago Jago Jago Shankara.pdf
Jai Durga Lakshmi Saraswathi Sai Jaganmata,Jai Durga Lakshmi Saraswathi Sai Jaganmata.pdf,sheets/Jai Durga Lakshmi Saraswathi Sai Jaganmata.pdf,1,True,320044,167982,47.51,optimized_lossless,True,visual identity verified,a94ae1f6c0ed3e8e0f13b8a6ea01e29d7ae37cb6656268c1f12c27777773959c,Jai Durga Lakshmi Saraswathi Sai Jaganmata.pdf
Jai Ganaraya Sri Ganaraya,Jai Ganaraya Sri Ganaraya.pdf,sheets/Jai Ganaraya Sri Ganaraya.pdf,2,True,523916,270061,48.45,optimized_lossless,True,visual identity verified,c4f9ccfddf7d8469f54be771a23e2db12fae67d1329751e17ffcb43a597d5a40,Jai Ganaraya Sri Ganaraya.pdf
Jai Ganesh Jai Ganesh Jai Ganesha Deva,Jai Ganesh Jai Ganesh Jai Ganesha Deva.pdf,sheets/Jai Ganesh Jai Ganesh Jai Ganesha Deva.pdf,1,True,327494,171736,47.56,optimized_lossless,True,visual identity verified,4db74bbb53c1c80161df6d4a88f6b57e8422f43b6e377019b7c07d38f3c56d20,Jai Ganesh Jai Ganesh Jai Ganesha Deva.pdf
Jai Ganesha Paahi Maam Sri Ganesha Raksha Maam,Jai Ganesha Paahi Maam Sri Ganesha Raksha Maam.pdf,sheets/Jai Ganesha Paahi Maam Sri Ganesha Raksha Maam.pdf,2,True,643142,310755,51.68,optimized_lossless,True,visual identity verified,61f5e088c970a61310215a41477389e7507ff14bd9b9565bf3565d6f5bb8377d,Jai Ganesha Paahi Maam Sri Ganesha Raksha Maam.pdf
Jai Hari Bol Jai Sita Ram Gopi Gopala Bhajo Radhey Shyam,Jai Hari Bol Jai Sita Ram Gopi Gopala Bhajo Radhey Shyam.pdf,sheets/Jai Hari Bol Jai Sita Ram Gopi Gopala Bhajo Radhey Shyam.pdf,2,True,505275,253053,49.92,optimized_lossless,True,visual identity verified,bd9a4a29325af09ec16a2cdd09674cc0e5d74a8ac082a83d90be93dbb8ce0720,Jai Hari Bol Jai Sita Ram Gopi Gopala Bhajo Radhey Shyam.pdf
Jai Hari Krishna Jai Hari Krishna Govardhana Giridhari,Jai Hari Krishna Jai Hari Krishna Govardhana Giridhari.pdf,sheets/Jai Hari Krishna Jai Hari Krishna Govardhana Giridhari.pdf,1,True,222803,154393,30.7,optimized_lossless,True,visual identity verified,cce504067c57fd27e225b77b12b5b4a764e56b8eb9f8a1d5a4a374b89660d484,Jai Hari Krishna Jai Hari Krishna Govardhana Giridhari.pdf
Jai Jai Bhavani Ma Ambe Bhavani Ma,Jai Jai Bhavani Ma Ambe Bhavani Ma.pdf,sheets/Jai Jai Bhavani Ma Ambe Bhavani Ma.pdf,1,True,352906,182784,48.21,optimized_lossless,True,visual identity verified,2fd324d2a0fed73bf5441bd82e017f8f1c76cd1a90670984360f27c3f26e31fc,Jai Jai Bhavani Ma Ambe Bhavani Ma.pdf
Jai Jai Gopala,Jai Jai Gopala.pdf,sheets/Jai Jai Gopala.pdf,1,True,313960,216220,31.13,optimized_lossless,True,visual identity verified,864b4b32617d7bf501787f29a76a5a2aa0b16d8da0e70353ad70db743bbb2f8f,Jai Jai Gopala.pdf
Jai Jai Guru Deva Sri Sai Mahadeva (3),Jai Jai Guru Deva Sri Sai Mahadeva (3).pdf,sheets/Jai Jai Guru Deva Sri Sai Mahadeva (3).pdf,2,True,617893,428419,30.66,optimized_lossless,True,visual identity verified,6eeb41144ee21d8236502908e202d65b3740837cd7b263680eb0aa82f54c2abd,Jai Jai Guru Deva Sri Sai Mahadeva (3).pdf
Jai Jai Hanuman Jaya Hanuman (2),Jai Jai Hanuman Jaya Hanuman (2).pdf,sheets/Jai Jai Hanuman Jaya Hanuman (2).pdf,2,True,554121,277145,49.98,optimized_lossless,True,visual identity verified,b342423a44222fe559a637834b99e7e2b54960624faa73204b42f599e68d5267,Jai Jai Hanuman Jaya Hanuman (2).pdf
Jai Jai Jai Gananayaka Jai Jai Vighna Vinashaka,Jai Jai Jai Gananayaka Jai Jai Vighna Vinashaka.pdf,sheets/Jai Jai Jai Gananayaka Jai Jai Vighna Vinashaka.pdf,1,True,396131,211067,46.72,optimized_lossless,True,visual identity verified,a012434c151301c96454e3abadafdf6b8c36c40c5920b3e0c7aed4b34ba804fd,Jai Jai Jai Gananayaka Jai Jai Vighna Vinashaka.pdf
Jai Jai Jai Jai Ganapathi Deva (3),Jai Jai Jai Jai Ganapathi Deva (3).pdf,sheets/Jai Jai Jai Jai Ganapathi Deva (3).pdf,2,True,905565,424318,53.14,optimized_lossless,True,visual identity verified,bae212e60d08299bf541ba7c8d2c980249a85754b1f0aca21347b35e43c43d2f,Jai Jai Jai Jai Ganapathi Deva (3).pdf
Jai Jai Jai Mana Mohana Jai Jai Jai Madhusudhana,Jai Jai Jai Mana Mohana Jai Jai Jai Madhusudhana.pdf,sheets/Jai Jai Jai Mana Mohana Jai Jai Jai Madhusudhana.pdf,1,True,246352,171177,30.52,optimized_lossless,True,visual identity verified,3f8d4577da3eaa5655557301029c5181d67245fdf43f6c00f1175517981c9e20,Jai Jai Jai Mana Mohana Jai Jai Jai Madhusudhana.pdf
Jai Jai Jai Narayana,Jai Jai Jai Narayana.pdf,sheets/Jai Jai Jai Narayana.pdf,1,True,265145,137972,47.96,optimized_lossless,True,visual identity verified,a38a648383b52e90495157de9065e61db396c33b4749d83e48ced68d9bed6550,Jai Jai Jai Narayana.pdf
Jai Jai Janani Sai Janani Ambe Bhavani Ma,Jai Jai Janani Sai Janani Ambe Bhavani Ma.pdf,sheets/Jai Jai Janani Sai Janani Ambe Bhavani Ma.pdf,2,True,528131,263068,50.19,optimized_lossless,True,visual identity verified,35f967a03c649257ee1b06920ef72f98ea3fa45d5900a8674a0f8b6f48bc9863,Jai Jai Janani Sai Janani Ambe Bhavani Ma.pdf
Jai Jai Prabhu Giridhari Natavara Nandalala,Jai Jai Prabhu Giridhari Natavara Nandalala.pdf,sheets/Jai Jai Prabhu Giridhari Natavara Nandalala.pdf,1,True,307357,210420,31.54,optimized_lossless,True,visual identity verified,4ff6992da5f5441ab4cb0a94ae04567cb96996ba24068d1d441cdf3d9f054a8b,Jai Jai Prabhu Giridhari Natavara Nandalala.pdf
Jai Jai Vaishnavi Devi Ma Jai Jai Vaishnavi Devi Ma,Jai Jai Vaishnavi Devi Ma Jai Jai Vaishnavi Devi Ma.pdf,sheets/Jai Jai Vaishnavi Devi Ma Jai Jai Vaishnavi Devi Ma.pdf,2,True,461857,227783,50.68,optimized_lossless,True,visual identity verified,5ad8509dc0a7df5d4cf2c36c6810fbbebe5e9ef5c7991068e5bb063140ef4a5d,Jai Jai Vaishnavi Devi Ma Jai Jai Vaishnavi Devi Ma.pdf
Jai jai Vittala Panduranga Vittala,Jai jai Vittala Panduranga Vittala.pdf,sheets/Jai jai Vittala Panduranga Vittala.pdf,1,True,313134,164007,47.62,optimized_lossless,True,visual identity verified,b0ae3793eff835f5bcfef30b1c89b6cbd416cb406ccafad942fb3dd462041e71,Jai jai Vittala Panduranga Vittala.pdf
Jai Santoshi Ma Jai Jai Sai Ma (3),Jai Santoshi Ma Jai Jai Sai Ma (3).pdf,sheets/Jai Santoshi Ma Jai Jai Sai Ma (3).pdf,2,True,487081,243488,50.01,optimized_lossless,True,visual identity verified,5f98ce5526c04a056ff1f8fd7b804332b8b671267990ef9c6c357e7e23465162,Jai Santoshi Ma Jai Jai Sai Ma (3).pdf
Janaki Jeevana Rama Raghuvara,Janaki Jeevana Rama Raghuvara.pdf,sheets/Janaki Jeevana Rama Raghuvara.pdf,2,True,886607,451575,49.07,optimized_lossless,True,visual identity verified,8118fa2a790006f3e32b777cb3cc8780c62ed005c7fbbb5c15196b1e34004c40,Janaki Jeevana Rama Raghuvara.pdf
Janani Janani Sathya Sai Shubha Janani,Janani Janani Sathya Sai Shubha Janani.pdf,sheets/Janani Janani Sathya Sai Shubha Janani.pdf,1,True,368529,168282,54.34,optimized_lossless,True,visual identity verified,faae2b1b14a0431242d857e3bb067075eb6ca27a7a308786ad823745b690af91,Janani Janani Sathya Sai Shubha Janani.pdf
Janani Ma Sai Janani Ma (3),Janani Ma Sai Janani Ma (3).pdf,sheets/Janani Ma Sai Janani Ma (3).pdf,2,True,448389,222489,50.38,optimized_lossless,True,visual identity verified,37bb7b3cdecf9a76b0498cbac7e146fb5c952e84774600dd6388a308d4525c30,Janani Ma Sai Janani Ma (3).pdf
Janani Sai Devi Dayamayi,Janani Sai Devi Dayamayi.pdf,sheets/Janani Sai Devi Dayamayi.pdf,1,True,321458,167481,47.9,optimized_lossless,True,visual identity verified,e9b257352b4420e20ebf0edbab64243428bd3d7b596e2f49a9771c2171292dec,Janani Sai Devi Dayamayi.pdf
Janardhana Nandalala Govinda Gopala,Janardhana Nandalala Govinda Gopala.pdf,sheets/Janardhana Nandalala Govinda Gopala.pdf,1,True,327528,225574,31.13,optimized_lossless,True,visual identity verified,a796e0ece78f75c1233920c93af184fb1dca1cce8eee22b2dfc870a954a3a353,Janardhana Nandalala Govinda Gopala.pdf
Jaya Devi Bhavani Ma,Jaya Devi Bhavani Ma.pdf,sheets/Jaya Devi Bhavani Ma.pdf,2,True,504585,252937,49.87,optimized_lossless,True,visual identity verified,a312a2992fe35a583177b976245ac1e4b9a437443d52cc4463aee8f3f0724dd7,Jaya Devi Bhavani Ma.pdf
Jaya Devi Durga Gowri Shankari Parvathi,Jaya Devi Durga Gowri Shankari Parvathi.pdf,sheets/Jaya Devi Durga Gowri Shankari Parvathi.pdf,2,True,427949,213391,50.14,optimized_lossless,True,visual identity verified,6ae2251fe7669830a8378325a70323bdc8f642838ec1e86fa6977f13554ee744,Jaya Devi Durga Gowri Shankari Parvathi.pdf
Jaya Gopala Jaya Gopala,Jaya Gopala Jaya Gopala.pdf,sheets/Jaya Gopala Jaya Gopala.pdf,1,True,300834,208496,30.69,optimized_lossless,True,visual identity verified,1fe633594ad3e61d45951542b5bc1b4f1af5de0731c6a7dd889d7d342eca8750,Jaya Gopala Jaya Gopala.pdf
Jaya Guru Deva Prabhu Sai Deva,Jaya Guru Deva Prabhu Sai Deva.pdf,sheets/Jaya Guru Deva Prabhu Sai Deva.pdf,1,True,578805,401977,30.55,optimized_lossless,True,visual identity verified,aaeb9f029d9f37e26459c03350a3a28a3c57e33418af51b54838f9d6817ba8d2,Jaya Guru Deva Prabhu Sai Deva.pdf
Jaya Guru Jaya Guru Sai Ram,Jaya Guru Jaya Guru Sai Ram.pdf,sheets/Jaya Guru Jaya Guru Sai Ram.pdf,1,True,327490,224953,31.31,optimized_lossless,True,visual identity verified,8381c1c8731579ca0d4f5a3d4879c38a1c92658c631e9b5f16c5965219172d31,Jaya Guru Jaya Guru Sai Ram.pdf
Jaya Guru Omkara,Jaya Guru Omkara.pdf,sheets/Jaya Guru Omkara.pdf,1,True,326475,224483,31.24,optimized_lossless,True,visual identity verified,8d40b6d59f275b48e75e380e858afcad3bba6ebf4f739e37fdac607e14ec5a59,Jaya Guru Omkara.pdf
Jaya Guru Omkara Jaya Jaya Sadguru Omkara Om,Jaya Guru Omkara Jaya Jaya Sadguru Omkara Om.pdf,sheets/Jaya Guru Omkara Jaya Jaya Sadguru Omkara Om.pdf,1,True,243769,166515,31.69,optimized_lossless,True,visual identity verified,8343091cce97d2f81ac7ad067419a0d4faa6f23a20beb24132885d746357b342,Jaya Guru Omkara Jaya Jaya Sadguru Omkara Om.pdf
Jaya Ho Jaya Ho Gopalana,Jaya Ho Jaya Ho Gopalana.pdf,sheets/Jaya Ho Jaya Ho Gopalana.pdf,1,True,222195,153056,31.12,optimized_lossless,True,visual identity verified,8c4bc4db9345838b608ba682a1daa4e41e836769afaef1f590c2360db22f2e24,Jaya Ho Jaya Ho Gopalana.pdf
Jaya Ho Jaya Ho Lingeshwara,Jaya Ho Jaya Ho Lingeshwara.pdf,sheets/Jaya Ho Jaya Ho Lingeshwara.pdf,1,True,307892,159066,48.34,optimized_lossless,True,visual identity verified,4c015d61a119f32319f4fb7bdd2b9c489980052dd181818951220cb1f9fe8caf,Jaya Ho Jaya Ho Lingeshwara.pdf
Jaya Ho Jaya Ho Mooshika Vahana,Jaya Ho Jaya Ho Mooshika Vahana.pdf,sheets/Jaya Ho Jaya Ho Mooshika Vahana.pdf,1,True,558908,274176,50.94,optimized_lossless,True,visual identity verified,7da62e2a7911358ccfb1d69aa62a2e202c6b2f51f5b633ed294668d0d96ba84c,Jaya Ho Jaya Ho Mooshika Vahana.pdf
Jaya Ho Nataraj (2),Jaya Ho Nataraj (2).pdf,sheets/Jaya Ho Nataraj (2).pdf,1,True,382303,210844,44.85,optimized_lossless,True,visual identity verified,37086285b73f3078fdf7fd08cf92fa35a6ac96ef46e27d5cf506aecc498721bc,Jaya Ho Nataraj (2).pdf
Jaya Ho Sai Ram Jaya Ho Sai Ram,Jaya Ho Sai Ram Jaya Ho Sai Ram.pdf,sheets/Jaya Ho Sai Ram Jaya Ho Sai Ram.pdf,2,True,438225,301329,31.24,optimized_lossless,True,visual identity verified,178e180396fa5b76d3da1c41317efff01b3863e4be0cbd305992057f48ff1a49,Jaya Ho Sai Ram Jaya Ho Sai Ram.pdf
Jaya Jagadeesha Harey Jaya Govinda Harey,Jaya Jagadeesha Harey Jaya Govinda Harey.pdf,sheets/Jaya Jagadeesha Harey Jaya Govinda Harey.pdf,2,True,543255,282909,47.92,optimized_lossless,True,visual identity verified,00ad6c92fe7ef759ddf2e0f4f0b750182598689a32ff0dd7259ef235252653a5,Jaya Jagadeesha Harey Jaya Govinda Harey.pdf
Jaya Jagadeesha Harey Prabhuvara,Jaya Jagadeesha Harey Prabhuvara.pdf,sheets/Jaya Jagadeesha Harey Prabhuvara.pdf,1,True,416119,231264,44.42,optimized_lossless,True,visual identity verified,4557f2a41b15545672e30f332ea1cd7202a774952fa38563f370c68dbe05b146,Jaya Jagadeesha Harey Prabhuvara.pdf
Jaya Jagadeesha Jaya Paramesha,Jaya Jagadeesha Jaya Paramesha.pdf,sheets/Jaya Jagadeesha Jaya Paramesha.pdf,2,True,391922,274098,30.06,optimized_lossless,True,visual identity verified,4cbd016da8c21df8e4401d6a34172a223d8c66ab40994072474edf094e09f411,Jaya Jagadeesha Jaya Paramesha.pdf
Jaya Jagadeesha Jaya Paramesha Neelakantha Sadashiva,Jaya Jagadeesha Jaya Paramesha Neelakantha Sadashiva.pdf,sheets/Jaya Jagadeesha Jaya Paramesha Neelakantha Sadashiva.pdf,2,True,391922,274098,30.06,optimized_lossless,True,visual identity verified,528f2675b10ce82e69dd49bf26e711ce66614834ce55b48777acbc02c34f6c28,Jaya Jagadeesha Jaya Paramesha Neelakantha Sadashiva.pdf
Jaya Jagat Janani Ma,Jaya Jagat Janani Ma.pdf,sheets/Jaya Jagat Janani Ma.pdf,1,True,320881,165460,48.44,optimized_lossless,True,visual identity verified,a78ddb460ea6b884936c971a49b9cc17bdc958493b4884eb5503620e411ccead,Jaya Jagat Janani Ma.pdf
Jaya Jaya Deva Jagadeesha Deva,Jaya Jaya Deva Jagadeesha Deva.pdf,sheets/Jaya Jaya Deva Jagadeesha Deva.pdf,1,True,366084,254906,30.37,optimized_lossless,True,visual identity verified,0799dc37f5fa88163d525bc6fa3c50013ffb292f9153fa4cba79254bf80e70bd,Jaya Jaya Deva Jagadeesha Deva.pdf
Jaya Jaya Devi Girija Mata,Jaya Jaya Devi Girija Mata.pdf,sheets/Jaya Jaya Devi Girija Mata.pdf,1,True,258511,134577,47.94,optimized_lossless,True,visual identity verified,1e6ac8ce3cbe21c384021f85275e7951aca35b0d983474b3669b16a2895e9343,Jaya Jaya Devi Girija Mata.pdf
Jaya Jaya Gajanana Gananatha,Jaya Jaya Gajanana Gananatha.pdf,sheets/Jaya Jaya Gajanana Gananatha.pdf,2,True,790557,391625,50.46,optimized_lossless,True,visual identity verified,51e2a6bb26fca2b9a3f60555802134bdcf6479e143934104111ee3e2c8d951cb,Jaya Jaya Gajanana Gananatha.pdf
Jaya Jaya Girija Bala Gajanana,Jaya Jaya Girija Bala Gajanana.pdf,sheets/Jaya Jaya Girija Bala Gajanana.pdf,1,True,415662,198901,52.15,optimized_lossless,True,visual identity verified,9db547ac8f56ed9b41b1cad31b7d166ed56aadef4e1d2dfce7e78b98fa0b6110,Jaya Jaya Girija Bala Gajanana.pdf
Jaya Jaya Govinda Jaya Nandalala,Jaya Jaya Govinda Jaya Nandalala.pdf,sheets/Jaya Jaya Govinda Jaya Nandalala.pdf,1,True,352760,245771,30.33,optimized_lossless,True,visual identity verified,88a3d4d3c3449cb4adb3b2f5e257ba6dd9d8613ea583f7ba1e88411167b4f9f6,Jaya Jaya Govinda Jaya Nandalala.pdf
Jaya Jaya Govinda Narayana,Jaya Jaya Govinda Narayana.pdf,sheets/Jaya Jaya Govinda Narayana.pdf,2,True,761716,378244,50.34,optimized_lossless,True,visual identity verified,e4d5cb082c841f86e42b81af7f0cb4e22c74133b22168aec130f2addbea79464,Jaya Jaya Govinda Narayana.pdf
Jaya Jaya Hey Jagadeesha Mahesha,Jaya Jaya Hey Jagadeesha Mahesha.pdf,sheets/Jaya Jaya Hey Jagadeesha Mahesha.pdf,1,True,427276,237353,44.45,optimized_lossless,True,visual identity verified,d0e95733e04db315b37f91e828d65fbcf4ece1aba92a6bd2917092f96410391c,Jaya Jaya Hey Jagadeesha Mahesha.pdf
Jaya Jaya Jaya Gananatha,Jaya Jaya Jaya Gananatha.pdf,sheets/Jaya Jaya Jaya Gananatha.pdf,1,True,280735,148920,46.95,optimized_lossless,True,visual identity verified,f0f7e96d54102213d88cb2438ee9d78a2b58488743c860e7c790c1843eab19e4,Jaya Jaya Jaya Gananatha.pdf
Jaya Jaya Jaya Hey Gajanana,Jaya Jaya Jaya Hey Gajanana.pdf,sheets/Jaya Jaya Jaya Hey Gajanana.pdf,1,True,270475,189973,29.76,optimized_lossless,True,visual identity verified,8f7f8cee289d4614053b64dd020fcfc2e4ca8ba71579d9de6c83cb643d90bb9a,Jaya Jaya Jaya Hey Gajanana.pdf
Jaya Jaya Jaya Hey Madhusudhana,Jaya Jaya Jaya Hey Madhusudhana.pdf,sheets/Jaya Jaya Jaya Hey Madhusudhana.pdf,2,True,431528,299506,30.59,optimized_lossless,True,visual identity verified,8bfe5fc36e97482329fa2ba406f0909872f714b7df7a7f14575744cca5e04a45,Jaya Jaya Jaya Hey Madhusudhana.pdf
Jaya Jaya Jaya Jaga Vandini Ma,Jaya Jaya Jaya Jaga Vandini Ma.pdf,sheets/Jaya Jaya Jaya Jaga Vandini Ma.pdf,1,True,408248,214370,47.49,optimized_lossless,True,visual identity verified,10479267ebc0e67edf5f72975efd69b65ce91fd25fcbda5e402458e802446dfb,Jaya Jaya Jaya Jaga Vandini Ma.pdf
Jaya Jaya Krishna Yadu Nandana,Jaya Jaya Krishna Yadu Nandana.pdf,sheets/Jaya Jaya Krishna Yadu Nandana.pdf,1,True,307298,215072,30.01,optimized_lossless,True,visual identity verified,f41e404da0ddbfde666333b65ab2c4152dad05f6ddec436def39aae3357cb686,Jaya Jaya Krishna Yadu Nandana.pdf
Jaya Jaya Mangala Sai Namo,Jaya Jaya Mangala Sai Namo.pdf,sheets/Jaya Jaya Mangala Sai Namo.pdf,1,True,269453,189053,29.84,optimized_lossless,True,visual identity verified,4919e85a6b967ba24ef6e10b85ba3a4b6465b7b54126a6b294733e485e69a86a,Jaya Jaya Mangala Sai Namo.pdf
Jaya Jaya Mohana Murali Gopala,Jaya Jaya Mohana Murali Gopala.pdf,sheets/Jaya Jaya Mohana Murali Gopala.pdf,1,True,329134,233441,29.07,optimized_lossless,True,visual identity verified,680f51d079d69fc6179060ecb6780812e3c23677e89dc2cbb5d05577f2032af9,Jaya Jaya Mohana Murali Gopala.pdf
Jaya Jaya Pavana Kumara,Jaya Jaya Pavana Kumara.pdf,sheets/Jaya Jaya Pavana Kumara.pdf,1,True,360334,188281,47.75,optimized_lossless,True,visual identity verified,fb917c3665336200e13623abfa228739110cf0af39f23d3de0f5df7942e4ef2a,Jaya Jaya Pavana Kumara.pdf
Jaya Jaya Raghu Nandana Jaya Janaki Jeevana,Jaya Jaya Raghu Nandana Jaya Janaki Jeevana.pdf,sheets/Jaya Jaya Raghu Nandana Jaya Janaki Jeevana.pdf,2,True,674874,323013,52.14,optimized_lossless,True,visual identity verified,aab15148be0642dd6f8b0357c7c8c79f112dd1cb809efafc4e1acd8c8512b854,Jaya Jaya Raghu Nandana Jaya Janaki Jeevana.pdf
Jaya Jaya Ram Jagadabhi Ram,Jaya Jaya Ram Jagadabhi Ram.pdf,sheets/Jaya Jaya Ram Jagadabhi Ram.pdf,2,True,377261,259523,31.21,optimized_lossless,True,visual identity verified,6b22ab8421c982d6a681c3243e8f2b999329a1b46147adcdd427c02239448618,Jaya Jaya Ram Jagadabhi Ram.pdf
Jaya Jaya Sadguru Sai Sadashiva,Jaya Jaya Sadguru Sai Sadashiva.pdf,sheets/Jaya Jaya Sadguru Sai Sadashiva.pdf,1,True,282352,198259,29.78,optimized_lossless,True,visual identity verified,8c33eee1b17747d4a7321dea33cd8b0081de8d263a4c17a5238d3876c9ce8cea,Jaya Jaya Sadguru Sai Sadashiva.pdf
Jaya Jaya Sai Namo Jaya Shubha Dayi Namo,Jaya Jaya Sai Namo Jaya Shubha Dayi Namo.pdf,sheets/Jaya Jaya Sai Namo Jaya Shubha Dayi Namo.pdf,2,True,438471,307294,29.92,optimized_lossless,True,visual identity verified,cda772e73073e027db6d1953df1682aea777604b37151d175372d013315cbcf5,Jaya Jaya Sai Namo Jaya Shubha Dayi Namo.pdf
Jaya Jaya Shankari Jaya Parameshwari,Jaya Jaya Shankari Jaya Parameshwari.pdf,sheets/Jaya Jaya Shankari Jaya Parameshwari.pdf,2,True,355195,245283,30.94,optimized_lossless,True,visual identity verified,7317d32ec74cfde8fceeb6f1384834f06a596c4ef4ab5d254081934281e129b5,Jaya Jaya Shankari Jaya Parameshwari.pdf
Jaya Kailasa Pathey Shiva Shankara,Jaya Kailasa Pathey Shiva Shankara.pdf,sheets/Jaya Kailasa Pathey Shiva Shankara.pdf,2,True,577054,305578,47.05,optimized_lossless,True,visual identity verified,31b1e884cac52cb8652df8b06fe0047c52ced851c47fb5955633005124e4a028,Jaya Kailasa Pathey Shiva Shankara.pdf
Jaya Kausalya Nandana Ram Paramananda Ananda Ram,Jaya Kausalya Nandana Ram Paramananda Ananda Ram.pdf,sheets/Jaya Kausalya Nandana Ram Paramananda Ananda Ram.pdf,2,True,550503,275985,49.87,optimized_lossless,True,visual identity verified,063c157b8c50047ddc8eebfb8dcee244c52e7a63560e72c551aee2cde87af7ea,Jaya Kausalya Nandana Ram Paramananda Ananda Ram.pdf
Jaya Krishna Kunja Vihari,Jaya Krishna Kunja Vihari.pdf,sheets/Jaya Krishna Kunja Vihari.pdf,1,True,291667,199916,31.46,optimized_lossless,True,visual identity verified,169a80e03249d15c7f3d2b449a360c9a9a8f43dd6f9710357552ed110efde0fa,Jaya Krishna Kunja Vihari.pdf
Jaya Lambodhara Paahi Maam,Jaya Lambodhara Paahi Maam.pdf,sheets/Jaya Lambodhara Paahi Maam.pdf,1,True,340668,236415,30.6,optimized_lossless,True,visual identity verified,410dc932530c998d02c99a7f9f7587b68df47b2ad765dfce718b2e5d33360ede,Jaya Lambodhara Paahi Maam.pdf
Jaya Ma Anandamayi Janani,Jaya Ma Anandamayi Janani.pdf,sheets/Jaya Ma Anandamayi Janani.pdf,1,True,374138,196597,47.45,optimized_lossless,True,visual identity verified,30dd22075b1b8eb1f52514924a8a864d72267130559b74b050f891f51ca3d71e,Jaya Ma Anandamayi Janani.pdf
Jaya Ma Jaya Ma Daya Karo Sai Ma,Jaya Ma Jaya Ma Daya Karo Sai Ma.pdf,sheets/Jaya Ma Jaya Ma Daya Karo Sai Ma.pdf,1,True,373461,170681,54.3,optimized_lossless,True,visual identity verified,8467a6221765a79bde10e153f0b255cc282b50c1765f297dbbc952a323d00c0d,Jaya Ma Jaya Ma Daya Karo Sai Ma.pdf
Jaya Ma Jaya Ma Jagadeeshwari Sai Ma,Jaya Ma Jaya Ma Jagadeeshwari Sai Ma.pdf,sheets/Jaya Ma Jaya Ma Jagadeeshwari Sai Ma.pdf,2,True,541719,271783,49.83,optimized_lossless,True,visual identity verified,e1754ebf8dcee08747e2a7828531cd51dd7ffd7881c09f69c5455ec6643f15d6,Jaya Ma Jaya Ma Jagadeeshwari Sai Ma.pdf
Jaya Murali Madhava Shourie,Jaya Murali Madhava Shourie.pdf,sheets/Jaya Murali Madhava Shourie.pdf,1,True,290355,158277,45.49,optimized_lossless,True,visual identity verified,1352779ad00b4aac650cd4bc3ce8eeb2eaeaed5ea608b73c0d5043f6039b2009,Jaya Murali Madhava Shourie.pdf
Jaya Nandalala Jai Jai Gopala,Jaya Nandalala Jai Jai Gopala.pdf,sheets/Jaya Nandalala Jai Jai Gopala.pdf,1,True,324630,228904,29.49,optimized_lossless,True,visual identity verified,c5ec5dffab4e4f1e431a324c777c9b8d5ce3c29340fe527359bab8c368286691,Jaya Nandalala Jai Jai Gopala.pdf
Jaya Nandalala Jaya Nandalala,Jaya Nandalala Jaya Nandalala.pdf,sheets/Jaya Nandalala Jaya Nandalala.pdf,1,True,285763,194977,31.77,optimized_lossless,True,visual identity verified,190ede2659a176e0a3ae53369b7d1f6c42897671deceb00fac355d56cbd9ce91,Jaya Nandalala Jaya Nandalala.pdf
Jaya Narayana Sathya Narayana,Jaya Narayana Sathya Narayana.pdf,sheets/Jaya Narayana Sathya Narayana.pdf,1,True,377918,195740,48.21,optimized_lossless,True,visual identity verified,a22f815fb18b476f7b5e90c9301020c1275813961d1b85f2cb8331ba63b769a2,Jaya Narayana Sathya Narayana.pdf
Jaya Panduranga Jaya Vittala-Sheet-Music,Jaya Panduranga Jaya Vittala-Sheet-Music.pdf,sheets/Jaya Panduranga Jaya Vittala-Sheet-Music.pdf,1,True,262320,139884,46.67,optimized_lossless,True,visual identity verified,41839c9d4bf42ab5605ea1613374b9caf61a6b1a6fefefa606d4c17a5b9507e7,Jaya Panduranga Jaya Vittala-Sheet-Music.pdf
Jaya Panduranga Prabho Vittala,Jaya Panduranga Prabho Vittala.pdf,sheets/Jaya Panduranga Prabho Vittala.pdf,2,True,612059,418491,31.63,optimized_lossless,True,visual identity verified,8cc0f59b359a60802317eb80b9647e73bde4d569db0fa15feca6cd2678581ed2,Jaya Panduranga Prabho Vittala.pdf
Jaya Partheesha Jaya Paramesha,Jaya Partheesha Jaya Paramesha.pdf,sheets/Jaya Partheesha Jaya Paramesha.pdf,1,True,289654,160192,44.7,optimized_lossless,True,visual identity verified,42cd27633248593430f46457188b79e4cf72b15ce37cf93cfec222d347a948e9,Jaya Partheesha Jaya Paramesha.pdf
Jaya Rama Harey Jaya Rama Harey Jaya Sita Rama Harey,Jaya Rama Harey Jaya Rama Harey Jaya Sita Rama Harey.pdf,sheets/Jaya Rama Harey Jaya Rama Harey Jaya Sita Rama Harey.pdf,1,True,294141,203004,30.98,optimized_lossless,True,visual identity verified,48535808a0a5d33af65a34b341eb2b38af36756768c2b33b5b24ae08ae9d3ede,Jaya Rama Harey Jaya Rama Harey Jaya Sita Rama Harey.pdf
Jaya Rama Janaki Rama,Jaya Rama Janaki Rama.pdf,sheets/Jaya Rama Janaki Rama.pdf,1,True,283347,148765,47.5,optimized_lossless,True,visual identity verified,8e846d293762610f9bde2c2d8d0170e6c805d7e0e4eb5d1af5448bf843f8267e,Jaya Rama Janaki Rama.pdf
Jaya Rama Raghu Rama,Jaya Rama Raghu Rama.pdf,sheets/Jaya Rama Raghu Rama.pdf,1,True,331097,234425,29.2,optimized_lossless,True,visual identity verified,026c54cc9e5201f600441233324dba1e5ce9929756731eb8d48f81de202eca5e,Jaya Rama Raghu Rama.pdf
Jaya Sai Guru Deva Sai Guru Deva,Jaya Sai Guru Deva Sai Guru Deva.pdf,sheets/Jaya Sai Guru Deva Sai Guru Deva.pdf,2,True,474387,325216,31.45,optimized_lossless,True,visual identity verified,40d1bb73bea53ccfd6a765ef56747ff334a25fd8d8d329ef7c9db38be043aee4,Jaya Sai Guru Deva Sai Guru Deva.pdf
Jaya Sai Rama Jaya Raghu Rama,Jaya Sai Rama Jaya Raghu Rama.pdf,sheets/Jaya Sai Rama Jaya Raghu Rama.pdf,1,True,334140,182374,45.42,optimized_lossless,True,visual identity verified,5f6456cfa5a07ba61781963c654649774f5f92241cb3ec370a2f8036a32f3867,Jaya Sai Rama Jaya Raghu Rama.pdf
Jaya Sai Shankara Jaya Abhayankara,Jaya Sai Shankara Jaya Abhayankara.pdf,sheets/Jaya Sai Shankara Jaya Abhayankara.pdf,1,True,351167,193622,44.86,optimized_lossless,True,visual identity verified,d33fea217fb6cdce080aea8c9f1cb755d9b58b35824802baffec091f7a784b85,Jaya Sai Shankara Jaya Abhayankara.pdf
Jaya Sayeesha Jaya Sayeesha,Jaya Sayeesha Jaya Sayeesha.pdf,sheets/Jaya Sayeesha Jaya Sayeesha.pdf,1,True,283615,199034,29.82,optimized_lossless,True,visual identity verified,10a3b91ee7afeab7248d6e3b22f7c574df8a6ed3865db5572110c00d3b23b02e,Jaya Sayeesha Jaya Sayeesha.pdf
Jaya Shankara Bhaava Gochara Shiva Chidambara Omkara,Jaya Shankara Bhaava Gochara Shiva Chidambara Omkara.pdf,sheets/Jaya Shankara Bhaava Gochara Shiva Chidambara Omkara.pdf,1,True,307986,170719,44.57,optimized_lossless,True,visual identity verified,7b020a7b89231e4994109ff20881cecf27a24361685b5e6cbb483494f83815cb,Jaya Shankara Bhaava Gochara Shiva Chidambara Omkara.pdf
Jaya Sri Ganesha Vighna Nasha Gajanana,Jaya Sri Ganesha Vighna Nasha Gajanana.pdf,sheets/Jaya Sri Ganesha Vighna Nasha Gajanana.pdf,2,True,420014,284010,32.38,optimized_lossless,True,visual identity verified,cee25d1adb8be4490ae4675e5b1abc2152e383d9da733ded0eca967403e663df,Jaya Sri Ganesha Vighna Nasha Gajanana.pdf
Jaya Sri Radhey Jaya Nanda Nandana,Jaya Sri Radhey Jaya Nanda Nandana.pdf,sheets/Jaya Sri Radhey Jaya Nanda Nandana.pdf,2,True,531490,360013,32.26,optimized_lossless,True,visual identity verified,6b735b196651ab36c0213f60c693fabbaf93d479b6f0e3b203e4e0d55994cffb,Jaya Sri Radhey Jaya Nanda Nandana.pdf
Jaya Vallabha Gananayaka,Jaya Vallabha Gananayaka.pdf,sheets/Jaya Vallabha Gananayaka.pdf,1,True,342407,183077,46.53,optimized_lossless,True,visual identity verified,6ee42a0ba3408c574429a7b368202653110e7b900e3fd2365b57e3c83f2154c4,Jaya Vallabha Gananayaka.pdf
Jaya Vijayee Bhava Jaya Vijayee Bhava,Jaya Vijayee Bhava Jaya Vijayee Bhava.pdf,sheets/Jaya Vijayee Bhava Jaya Vijayee Bhava.pdf,1,True,320113,218221,31.83,optimized_lossless,True,visual identity verified,ca51662da0001c1e36f3d142388dd585be3f0711ac2c437fdebe1cd641a84a3c,Jaya Vijayee Bhava Jaya Vijayee Bhava.pdf
Jayatu Jayatu Rama,Jayatu Jayatu Rama.pdf,sheets/Jayatu Jayatu Rama.pdf,1,True,276459,148115,46.42,optimized_lossless,True,visual identity verified,a38a1877659a41b3beb308f99bf4ddf9d374dd5f6c1f0ff5c8a12b183ec707d5,Jayatu Jayatu Rama.pdf
Jayatu Shiva Natana Shiva,Jayatu Shiva Natana Shiva.pdf,sheets/Jayatu Shiva Natana Shiva.pdf,1,True,290867,155474,46.55,optimized_lossless,True,visual identity verified,d710282bed3d064e62ece4e2300adb6a56d71a239df67f68035be6bbf2e9a538,Jayatu Shiva Natana Shiva.pdf
Jeevan Jyothi Jalao Kanhaiya,Jeevan Jyothi Jalao Kanhaiya.pdf,sheets/Jeevan Jyothi Jalao Kanhaiya.pdf,1,True,324729,228792,29.54,optimized_lossless,True,visual identity verified,e94a262ec7deb6bc9615da0ec630373ab71e78d5d835aba8466105fb7d93f991,Jeevan Jyothi Jalao Kanhaiya.pdf
Jeevan Jyothi Tum Ho Sai,Jeevan Jyothi Tum Ho Sai.pdf,sheets/Jeevan Jyothi Tum Ho Sai.pdf,2,True,430717,296238,31.22,optimized_lossless,True,visual identity verified,53473c9ea5590aa2536cc8328996d15636ccc063d2f7a74ac917fe5011c6a65b,Jeevan Jyothi Tum Ho Sai.pdf
Jhulana Jhulaye Brij Bala,Jhulana Jhulaye Brij Bala.pdf,sheets/Jhulana Jhulaye Brij Bala.pdf,1,True,282702,192874,31.77,optimized_lossless,True,visual identity verified,5bd02ec769227753bbbe06f99d09f2aa57dd0876f880f6cc654e4e06b03b8b98,Jhulana Jhulaye Brij Bala.pdf
Jhulana Mey Jhule Merey Sai Nandalala,Jhulana Mey Jhule Merey Sai Nandalala.pdf,sheets/Jhulana Mey Jhule Merey Sai Nandalala.pdf,1,True,389686,271746,30.27,optimized_lossless,True,visual identity verified,64e57afac7d2e752f1b779c2526a53199d2edf86c62e1d01300f607e6e2b2470,Jhulana Mey Jhule Merey Sai Nandalala.pdf
Kaalatheethaya Siddhi Roopaya Yogeshwaraya Namo,Kaalatheethaya Siddhi Roopaya Yogeshwaraya Namo.pdf,sheets/Kaalatheethaya Siddhi Roopaya Yogeshwaraya Namo.pdf,2,True,456311,227713,50.1,optimized_lossless,True,visual identity verified,f0416ae20e9f149415d5d10b2d32a45e113567068fb4b04f9dc81acb7d475c95,Kaalatheethaya Siddhi Roopaya Yogeshwaraya Namo.pdf
Kaali Kaali Maha Kaali Kapalini,Kaali Kaali Maha Kaali Kapalini.pdf,sheets/Kaali Kaali Maha Kaali Kapalini.pdf,1,True,354346,186389,47.4,optimized_lossless,True,visual identity verified,3d2d1dfafbe2ccb4541bff27ecd9f8f3341e483955ec099958d0fa78b3166e0d,Kaali Kaali Maha Kaali Kapalini.pdf
Kab Logey Khabar Morey Ram,Kab Logey Khabar Morey Ram.pdf,sheets/Kab Logey Khabar Morey Ram.pdf,1,True,269922,188381,30.21,optimized_lossless,True,visual identity verified,77b65527dcaf7dc28f1b9a0a6af745af1d0afad6adaa5f072ee67899800de5c2,Kab Logey Khabar Morey Ram.pdf
Kailasa Nathaya Namah Om,Kailasa Nathaya Namah Om.pdf,sheets/Kailasa Nathaya Namah Om.pdf,1,True,239369,169426,29.22,optimized_lossless,True,visual identity verified,d1b7ad9816bf08604c7df02822f497b1ba320899ba6dca7424cbdcb65a142097,Kailasa Nathaya Namah Om.pdf
Kailasa Vasa Gangadhara,Kailasa Vasa Gangadhara.pdf,sheets/Kailasa Vasa Gangadhara.pdf,2,True,572523,291028,49.17,optimized_lossless,True,visual identity verified,da1b43c25af606cb660b94e215370d5c738586ff9137af77bd001e47aec13e19,Kailasa Vasa Gangadhara.pdf
Kalavathi Kali Kapalini,Kalavathi Kali Kapalini.pdf,sheets/Kalavathi Kali Kapalini.pdf,1,True,277693,144904,47.82,optimized_lossless,True,visual identity verified,c558e1f9c8b107a56497fac52a1dfc9d1bca3e8f6b6b6b5511886213c53dcd2b,Kalavathi Kali Kapalini.pdf
Kali Yuga Avatara Sai Bhagawan,Kali Yuga Avatara Sai Bhagawan.pdf,sheets/Kali Yuga Avatara Sai Bhagawan.pdf,1,True,347792,243784,29.91,optimized_lossless,True,visual identity verified,7547996ce5645888cac18f3701c9ae3aa3868ef2960ea0869b08e079634bbafe,Kali Yuga Avatara Sai Bhagawan.pdf
Kalimala Bhanjana Kodanda Rama,Kalimala Bhanjana Kodanda Rama.pdf,sheets/Kalimala Bhanjana Kodanda Rama.pdf,1,True,341790,184938,45.89,optimized_lossless,True,visual identity verified,85bbd3f54cebb314de058e05391d61c774ddf6bf71fe73c46c868474fbe769cd,Kalimala Bhanjana Kodanda Rama.pdf
Kalyana Krishna Kamaneeya Krishna,Kalyana Krishna Kamaneeya Krishna.pdf,sheets/Kalyana Krishna Kamaneeya Krishna.pdf,1,True,348580,243160,30.24,optimized_lossless,True,visual identity verified,56de7bcbd5dd7341a530f69a8d1ea347fa1ca3ad25be093cdafdff9a8dd1d08c,Kalyana Krishna Kamaneeya Krishna.pdf
Kalyana Rama Ananda Rama,Kalyana Rama Ananda Rama.pdf,sheets/Kalyana Rama Ananda Rama.pdf,1,True,359187,189075,47.36,optimized_lossless,True,visual identity verified,b5baadbf5ddcdfd2d7edfee894433d32b6fb5660866982ee3a9b1497273a537e,Kalyana Rama Ananda Rama.pdf
Kalyana Ranga Kamaneeya Ranga,Kalyana Ranga Kamaneeya Ranga.pdf,sheets/Kalyana Ranga Kamaneeya Ranga.pdf,1,True,311596,160233,48.58,optimized_lossless,True,visual identity verified,5b87e0373fcac80b3f3fc9efec9a7441696498ad4c0fe72814948892235b59d3,Kalyana Ranga Kamaneeya Ranga.pdf
Kamala Nayana Narayana,Kamala Nayana Narayana.pdf,sheets/Kamala Nayana Narayana.pdf,1,True,340704,180990,46.88,optimized_lossless,True,visual identity verified,25ad42445c667c093544aa21bd330ff5360465d6d50d7670a35bc9f839d3912a,Kamala Nayana Narayana.pdf
Kamala Nayana Prabhu Kamala Pathey,Kamala Nayana Prabhu Kamala Pathey.pdf,sheets/Kamala Nayana Prabhu Kamala Pathey.pdf,1,True,282844,198920,29.67,optimized_lossless,True,visual identity verified,be2a087f9cefb2d2b4f89c62bfd96471c7d9000b170ff93720dc87606c89807e,Kamala Nayana Prabhu Kamala Pathey.pdf
Kamala Nayana Sai Ranga,Kamala Nayana Sai Ranga.pdf,sheets/Kamala Nayana Sai Ranga.pdf,1,True,317267,222009,30.02,optimized_lossless,True,visual identity verified,0bdad3f26391c402e16b5811fcb1767287b1a7c48d5b95e211d6e3546774491f,Kamala Nayana Sai Ranga.pdf
Kamala Netra Sayeeshwara,Kamala Netra Sayeeshwara.pdf,sheets/Kamala Netra Sayeeshwara.pdf,1,True,333226,231399,30.56,optimized_lossless,True,visual identity verified,0e0cf639c632991fac3e70c5161df09d0be5f16bd8ed4185f5fa67feb3ee9ab4,Kamala Netra Sayeeshwara.pdf
Kanha Kanhaiya Bansi Adhariya Brindavana Ghana Raasa Rachaiya,Kanha Kanhaiya Bansi Adhariya Brindavana Ghana Raasa Rachaiya.pdf,sheets/Kanha Kanhaiya Bansi Adhariya Brindavana Ghana Raasa Rachaiya.pdf,1,True,346616,241101,30.44,optimized_lossless,True,visual identity verified,e449beb1aa67891d2561906897d6e1037bcd5688851f4dba90267cd6916962da,Kanha Kanhaiya Bansi Adhariya Brindavana Ghana Raasa Rachaiya.pdf
Kanhaiya Teri Bansi Bajey Merey Lal,Kanhaiya Teri Bansi Bajey Merey Lal.pdf,sheets/Kanhaiya Teri Bansi Bajey Merey Lal.pdf,2,True,391966,267691,31.71,optimized_lossless,True,visual identity verified,976fb0363953c741f6adb5912ca416582bb3581a3f7344da302da6a327044d25,Kanhaiya Teri Bansi Bajey Merey Lal.pdf
Karuna Niketana Bhaktha Sakha Prabho,Karuna Niketana Bhaktha Sakha Prabho.pdf,sheets/Karuna Niketana Bhaktha Sakha Prabho.pdf,1,True,406106,217191,46.52,optimized_lossless,True,visual identity verified,bd310a622f89fbd14c0e6b750105cb8c5725fd0e3489095375089cac5f9f9d74,Karuna Niketana Bhaktha Sakha Prabho.pdf
Karuna Sagara Hey Nandalala,Karuna Sagara Hey Nandalala.pdf,sheets/Karuna Sagara Hey Nandalala.pdf,1,True,285805,201312,29.56,optimized_lossless,True,visual identity verified,b7e45cde98ea5a9ae9530129bf1de6ec239122b389267cba5bbd9ad3dd7f4525,Karuna Sagara Hey Nandalala.pdf
Karuna Sagara Prema Swaroopa,Karuna Sagara Prema Swaroopa.pdf,sheets/Karuna Sagara Prema Swaroopa.pdf,1,True,326350,226167,30.7,optimized_lossless,True,visual identity verified,56212f392adaf7ca01ec067d24e2d0092c08cf41402a29e561ea56174e474d61,Karuna Sagara Prema Swaroopa.pdf
Karuna Samudra Sri Rama,Karuna Samudra Sri Rama.pdf,sheets/Karuna Samudra Sri Rama.pdf,1,True,261557,135941,48.03,optimized_lossless,True,visual identity verified,19740da92dcdc091a16f4c4942e71a97cdb73de2ca5576b64c587b42b8a8b72a,Karuna Samudra Sri Rama.pdf
Karuna Sindhu Dasharatha Nandana Parthi Pureeshwara Ram,Karuna Sindhu Dasharatha Nandana Parthi Pureeshwara Ram.pdf,sheets/Karuna Sindhu Dasharatha Nandana Parthi Pureeshwara Ram.pdf,1,True,314153,171434,45.43,optimized_lossless,True,visual identity verified,a01873f7246c4d0e61a458513cd5793226cb78f4e438f8ab0abacc5476ede9b6,Karuna Sindhu Dasharatha Nandana Parthi Pureeshwara Ram.pdf
Karunanta Ranga Kariraja Varada Kamalesha Sri Sai Rama,Karunanta Ranga Kariraja Varada Kamalesha Sri Sai Rama.pdf,sheets/Karunanta Ranga Kariraja Varada Kamalesha Sri Sai Rama.pdf,1,True,257911,179317,30.47,optimized_lossless,True,visual identity verified,d0d7efe96d985837d5600fe99953b484f6cf2fbc1eb61cba62232b7d0608aead,Karunanta Ranga Kariraja Varada Kamalesha Sri Sai Rama.pdf
Kasturi Ranga Kaveri Ranga Sri Ranga Ranga Ranga,Kasturi Ranga Kaveri Ranga Sri Ranga Ranga Ranga.pdf,sheets/Kasturi Ranga Kaveri Ranga Sri Ranga Ranga Ranga.pdf,2,True,517485,259940,49.77,optimized_lossless,True,visual identity verified,28f17c0764ad51735a46ef4a27ecacd3259a0b50c0bafaad93826815f11ceade,Kasturi Ranga Kaveri Ranga Sri Ranga Ranga Ranga.pdf
Kasturi Tilakam Narayanam,Kasturi Tilakam Narayanam.pdf,sheets/Kasturi Tilakam Narayanam.pdf,1,True,446056,241490,45.86,optimized_lossless,True,visual identity verified,ff8de2ec2a4601d486cce829fbd6a489a22b39abe468372fbfa74d16ad6344b6,Kasturi Tilakam Narayanam.pdf
Kausalya Nandana Vaidehi Mohana,Kausalya Nandana Vaidehi Mohana.pdf,sheets/Kausalya Nandana Vaidehi Mohana.pdf,2,True,507870,257850,49.23,optimized_lossless,True,visual identity verified,e4f2ffb1316275f80af21be4584b893d3f0bfc33c2a9935964d51854868cf5be,Kausalya Nandana Vaidehi Mohana.pdf
Kausalyatmaja Rama Charan,Kausalyatmaja Rama Charan.pdf,sheets/Kausalyatmaja Rama Charan.pdf,1,True,314829,215446,31.57,optimized_lossless,True,visual identity verified,11136f0cdfff125d0999dc155cb8b61211f41c9dda7201d1037d136e61008264,Kausalyatmaja Rama Charan.pdf
Keshava Madhava Jaya Deva Madhusudhana,Keshava Madhava Jaya Deva Madhusudhana.pdf,sheets/Keshava Madhava Jaya Deva Madhusudhana.pdf,1,True,305697,214254,29.91,optimized_lossless,True,visual identity verified,9afa640dd9f933e306e0434ce0240a43a8053db1faa5d0e15532f49c58608a8d,Keshava Madhava Jaya Deva Madhusudhana.pdf
Kodanda Rama Raghava Jaya Kalyana Krishna Keshava,Kodanda Rama Raghava Jaya Kalyana Krishna Keshava.pdf,sheets/Kodanda Rama Raghava Jaya Kalyana Krishna Keshava.pdf,1,True,305513,162914,46.68,optimized_lossless,True,visual identity verified,026e7815a33e2a4053716038ee76f2dd92e46631408d5c9565e37386bfa40b5e,Kodanda Rama Raghava Jaya Kalyana Krishna Keshava.pdf
Koi Boley Hari Hari Koi Boley Ram Ram,Koi Boley Hari Hari Koi Boley Ram Ram.pdf,sheets/Koi Boley Hari Hari Koi Boley Ram Ram.pdf,1,True,344368,239696,30.4,optimized_lossless,True,visual identity verified,b022c95eab2b52b447b139de7f5e78ae865213b0beaa457e5e0b048572b58d46,Koi Boley Hari Hari Koi Boley Ram Ram.pdf
Koti Pranam Shata Koti Pranam,Koti Pranam Shata Koti Pranam.pdf,sheets/Koti Pranam Shata Koti Pranam.pdf,1,True,367237,257028,30.01,optimized_lossless,True,visual identity verified,278bec55e6ba784083287ca31b07681398665c0f9984e4541a8857190fb7be82,Koti Pranam Shata Koti Pranam.pdf
Krishna Bhajo Krishna Bhajo Murali Govinda Bhajo,Krishna Bhajo Krishna Bhajo Murali Govinda Bhajo.pdf,sheets/Krishna Bhajo Krishna Bhajo Murali Govinda Bhajo.pdf,2,True,436557,301726,30.89,optimized_lossless,True,visual identity verified,6afff28179bd2beef5ec0323bb41238bc96b53238cfd869526c35bfb53c5e2bd,Krishna Bhajo Krishna Bhajo Murali Govinda Bhajo.pdf
Krishna Gopala Yadu Nandana,Krishna Gopala Yadu Nandana.pdf,sheets/Krishna Gopala Yadu Nandana.pdf,1,True,333214,230428,30.85,optimized_lossless,True,visual identity verified,31acc43352b61416c170d03e2fa1060b57ade0933333b91cebfc93b77c1de0cc,Krishna Gopala Yadu Nandana.pdf
Krishna Kanhaiya Krishna Kanhaiya,Krishna Kanhaiya Krishna Kanhaiya.pdf,sheets/Krishna Kanhaiya Krishna Kanhaiya.pdf,1,True,319355,223282,30.08,optimized_lossless,True,visual identity verified,04d35d16db3ead0106d6e2a90218a4a30f114475172d035a357549c661fe766d,Krishna Kanhaiya Krishna Kanhaiya.pdf
Krishna Krishna Govinda Krishna Gopala Bala Krishna,Krishna Krishna Govinda Krishna Gopala Bala Krishna.pdf,sheets/Krishna Krishna Govinda Krishna Gopala Bala Krishna.pdf,2,True,496920,342936,30.99,optimized_lossless,True,visual identity verified,f347d44698ea59eaad4bffa5e289207d492921c00c54630dc0608d9cab8e6359,Krishna Krishna Govinda Krishna Gopala Bala Krishna.pdf
Krishna Krishna Mana Mohana,Krishna Krishna Mana Mohana.pdf,sheets/Krishna Krishna Mana Mohana.pdf,1,True,236023,165943,29.69,optimized_lossless,True,visual identity verified,8ed781f72543f402f71f0f3d4d846416f325bca7aaa12676430f5eb68f700fc2,Krishna Krishna Mana Mohana.pdf
Krishna Krishna Mukunda Janardhana,Krishna Krishna Mukunda Janardhana.pdf,sheets/Krishna Krishna Mukunda Janardhana.pdf,1,True,322035,215755,33.0,optimized_lossless,True,visual identity verified,1667212196b539b8b346b02eb209066ccec3162212516932ef27168741f46ade,Krishna Krishna Mukunda Janardhana.pdf
Krishna Krishna Radha Krishna,Krishna Krishna Radha Krishna.pdf,sheets/Krishna Krishna Radha Krishna.pdf,1,True,304155,206572,32.08,optimized_lossless,True,visual identity verified,6d1a195f251b3c20d851ec33e837bfa684a99a74373adaef4410b488a4ec92b1,Krishna Krishna Radha Krishna.pdf
Krishna Krishna Yaduvara Krishna,Krishna Krishna Yaduvara Krishna.pdf,sheets/Krishna Krishna Yaduvara Krishna.pdf,1,True,313875,220615,29.71,optimized_lossless,True,visual identity verified,e18187c659d15ac89bc13284be0d91f700a53f04348ae4cd66b43ca97a8e2d60,Krishna Krishna Yaduvara Krishna.pdf
Krishna Madhava Madhava Krishna,Krishna Madhava Madhava Krishna.pdf,sheets/Krishna Madhava Madhava Krishna.pdf,1,True,296758,209851,29.29,optimized_lossless,True,visual identity verified,cdba4e2f1036a7375bf804ec9ed83ecb76740749dde0dc9375982c575451484c,Krishna Madhava Madhava Krishna.pdf
Krishna Mukunda Govinda Giridhara,Krishna Mukunda Govinda Giridhara.pdf,sheets/Krishna Mukunda Govinda Giridhara.pdf,1,True,331309,228929,30.9,optimized_lossless,True,visual identity verified,0488e166e56d2dbffe0aec6b22dd6ab8b48ef63667c314b0ecec7168e008bae1,Krishna Mukunda Govinda Giridhara.pdf
Krishna Murari Bhava Bhaya Haari Hey Giridhari Gopal,Krishna Murari Bhava Bhaya Haari Hey Giridhari Gopal.pdf,sheets/Krishna Murari Bhava Bhaya Haari Hey Giridhari Gopal.pdf,1,True,295868,203805,31.12,optimized_lossless,True,visual identity verified,53a088db38abc24851baaf7386287d79d6908c3f07bc87f37c2dc1f0567a4fb5,Krishna Murari Bhava Bhaya Haari Hey Giridhari Gopal.pdf
Krishna Radha Jaya Krishna Radha,Krishna Radha Jaya Krishna Radha.pdf,sheets/Krishna Radha Jaya Krishna Radha.pdf,1,True,346421,239346,30.91,optimized_lossless,True,visual identity verified,a8f2f041d7b2154dbb3de669db7992154cd43b726fb3216ee2cb0eff93eecd98,Krishna Radha Jaya Krishna Radha.pdf
Krishna Rama Govinda Gokula Nandana Gopala,Krishna Rama Govinda Gokula Nandana Gopala.pdf,sheets/Krishna Rama Govinda Gokula Nandana Gopala.pdf,1,True,329882,228144,30.84,optimized_lossless,True,visual identity verified,757673d41061fc597a563caf5e851ace81f57f3e2186070a5143cc46acca304f,Krishna Rama Govinda Gokula Nandana Gopala.pdf
Krishna Sri Hari Krishna,Krishna Sri Hari Krishna.pdf,sheets/Krishna Sri Hari Krishna.pdf,2,True,525977,362376,31.1,optimized_lossless,True,visual identity verified,bb741fb1c966f97792a52253894cf533eabde11a33c8afd9e9383c24d4f57286,Krishna Sri Hari Krishna.pdf
Krishnam Vande Nanda Kumaram,Krishnam Vande Nanda Kumaram.pdf,sheets/Krishnam Vande Nanda Kumaram.pdf,1,True,272337,143937,47.15,optimized_lossless,True,visual identity verified,37d777db148352468572a6b088ebb917263710b1fc8c59771620b6f3fecb1f11,Krishnam Vande Nanda Kumaram.pdf
Ksheerabdhi Shayana Narayana,Ksheerabdhi Shayana Narayana.pdf,sheets/Ksheerabdhi Shayana Narayana.pdf,1,True,479389,228633,52.31,optimized_lossless,True,visual identity verified,72bb8dba601fac50a5545baca1fd7dbff5a25c71a9c0155f0c924a01859fb73c,Ksheerabdhi Shayana Narayana.pdf
Lambodhara Gananatha Gajanana,Lambodhara Gananatha Gajanana.pdf,sheets/Lambodhara Gananatha Gajanana.pdf,1,True,300303,159938,46.74,optimized_lossless,True,visual identity verified,dc56b42f8b7224a734a8f99868b5e1f9813fa3b28acda5792d4684a9ebbdd301,Lambodhara Gananatha Gajanana.pdf
Lambodhara Hey Gowri Nandana,Lambodhara Hey Gowri Nandana.pdf,sheets/Lambodhara Hey Gowri Nandana.pdf,1,True,295468,158561,46.34,optimized_lossless,True,visual identity verified,c7a96d051e62b4e75045c7e5ea76ace18d8e8bff73a5a76c2655a120beb9cf50,Lambodhara Hey Gowri Nandana.pdf
Lambodhara Hey Vighneshwara,Lambodhara Hey Vighneshwara.pdf,sheets/Lambodhara Hey Vighneshwara.pdf,1,True,356243,192060,46.09,optimized_lossless,True,visual identity verified,3e220ebb8a249f67b66f51a9d90a2b65ce6d88bca2b465036c752f15f7018d01,Lambodhara Hey Vighneshwara.pdf
Lambodhara Jaya Gajanana,Lambodhara Jaya Gajanana.pdf,sheets/Lambodhara Jaya Gajanana.pdf,1,True,392907,204792,47.88,optimized_lossless,True,visual identity verified,0dd659ca01a9b203bbe1d1b79539054b3f978ab5fdf081a06260835ab6dec12b,Lambodhara Jaya Gajanana.pdf
Lambodhara Jaya Gowri Sutha,Lambodhara Jaya Gowri Sutha.pdf,sheets/Lambodhara Jaya Gowri Sutha.pdf,1,True,359374,191731,46.65,optimized_lossless,True,visual identity verified,005570b2d876155fce58aaa893e4c2bb152cee393376e72f3087b9378d96cff7,Lambodhara Jaya Gowri Sutha.pdf
Lingodhbhavakara Lingeshwara,Lingodhbhavakara Lingeshwara.pdf,sheets/Lingodhbhavakara Lingeshwara.pdf,1,True,255961,135808,46.94,optimized_lossless,True,visual identity verified,61b33aa8cc52cc68f89ddf96123b70f852fa798d483c6774d3813bd1c7dc84d4,Lingodhbhavakara Lingeshwara.pdf
Ma Hey Ma (2),Ma Hey Ma (2).pdf,sheets/Ma Hey Ma (2).pdf,1,True,299001,153053,48.81,optimized_lossless,True,visual identity verified,2677c03d2a77d58cfaeae238ee9d66d1604f1c991de149e410c031432ce67254,Ma Hey Ma (2).pdf
Madhava Gopala,Madhava Gopala.pdf,sheets/Madhava Gopala.pdf,1,True,387641,273039,29.56,optimized_lossless,True,visual identity verified,98094a8fc49725acfe8f5ff238169c46bc60add83d494deda0d2da90741cb405,Madhava Gopala.pdf
Madhava Gopala Mana Mohana Gopala,Madhava Gopala Mana Mohana Gopala.pdf,sheets/Madhava Gopala Mana Mohana Gopala.pdf,2,True,607160,415952,31.49,optimized_lossless,True,visual identity verified,32ece4d3dd936c293f639af4337410b3ab340b5a5d563ae7d591650df80e468c,Madhava Gopala Mana Mohana Gopala.pdf
Madhava Harey Madhusudhana Harey,Madhava Harey Madhusudhana Harey.pdf,sheets/Madhava Harey Madhusudhana Harey.pdf,1,True,278712,195120,29.99,optimized_lossless,True,visual identity verified,782899d7699f1be187b6f4ef4177c65cfcc439d455ce2adff8ae45dc457e3db0,Madhava Harey Madhusudhana Harey.pdf
Madhava Madhava,Madhava Madhava.pdf,sheets/Madhava Madhava.pdf,1,True,322363,221853,31.18,optimized_lossless,True,visual identity verified,3d4831921dedafb9e75a28b1a510347f2d9a85c210086031c0bce3033e5a6683,Madhava Madhava.pdf
Madhava Mohana Shyama Gopala,Madhava Mohana Shyama Gopala.pdf,sheets/Madhava Mohana Shyama Gopala.pdf,1,True,332163,234558,29.38,optimized_lossless,True,visual identity verified,b6cedfb6fb3b4dcc5f4d5b187c42ab5543b74473dd8ac0c599eb7b1526b4ab35,Madhava Mohana Shyama Gopala.pdf
Madhava Mohana Shyama Murari,Madhava Mohana Shyama Murari.pdf,sheets/Madhava Mohana Shyama Murari.pdf,1,True,338871,239727,29.26,optimized_lossless,True,visual identity verified,c63bd2d0884f80c603ac6e93dc121d03eeaf78e2ea737ef8ec2f832947691f2b,Madhava Mohana Shyama Murari.pdf
Madhava Murahara Madhura Manohara Giridhara Gopala,Madhava Murahara Madhura Manohara Giridhara Gopala.pdf,sheets/Madhava Murahara Madhura Manohara Giridhara Gopala.pdf,3,True,720584,490211,31.97,optimized_lossless,True,visual identity verified,e584b4a961e7bff5527d167f9c91be3d94f5c0c2a631e77de5c80a82af09e6f5,Madhava Murahara Madhura Manohara Giridhara Gopala.pdf
Madhava Murahara Murali Gopala,Madhava Murahara Murali Gopala.pdf,sheets/Madhava Murahara Murali Gopala.pdf,1,True,278340,195690,29.69,optimized_lossless,True,visual identity verified,23c764709f51de56c96c8035867b006fe9558698927e040b9ebed53ac7ecea30,Madhava Murahara Murali Gopala.pdf
Madhura Madhura Hey Muralidhari,Madhura Madhura Hey Muralidhari.pdf,sheets/Madhura Madhura Hey Muralidhari.pdf,1,True,248257,175306,29.39,optimized_lossless,True,visual identity verified,b32831f25824a0cfc98a826faed54dc553262a10b4a24ed487aeda9e1fff0ff1,Madhura Madhura Hey Muralidhari.pdf
Madhura Madhura Murali Ghana Shyama,Madhura Madhura Murali Ghana Shyama.pdf,sheets/Madhura Madhura Murali Ghana Shyama.pdf,1,True,232826,162009,30.42,optimized_lossless,True,visual identity verified,50a694a41461e9923c5ed82e7be74c61a34221b6c119a3f5b36bcd9139887719,Madhura Madhura Murali Ghana Shyama.pdf
Madhura Madhura Sai Naama,Madhura Madhura Sai Naama.pdf,sheets/Madhura Madhura Sai Naama.pdf,1,True,324364,222618,31.37,optimized_lossless,True,visual identity verified,06c0f40ee009fdc83443ab11d84c08daa9fef579dc8c75a7cf5130797c00fde6,Madhura Madhura Sai Naama.pdf
Madhusudhana Harey Madhava,Madhusudhana Harey Madhava.pdf,sheets/Madhusudhana Harey Madhava.pdf,2,True,421494,289477,31.32,optimized_lossless,True,visual identity verified,14603fe6fcdd118584c149538755390f9bb75ba5d8ffff31cdbca2ab7c14c371,Madhusudhana Harey Madhava.pdf
Madhusudhana Hey Muralidhara,Madhusudhana Hey Muralidhara.pdf,sheets/Madhusudhana Hey Muralidhara.pdf,1,True,341522,238211,30.25,optimized_lossless,True,visual identity verified,7345d9fd55d88554a84f0ec85f526be8c12a328c17b738d2421ac31b82106b74,Madhusudhana Hey Muralidhara.pdf
Madhusudhana Muralidhara,Madhusudhana Muralidhara.pdf,sheets/Madhusudhana Muralidhara.pdf,1,True,288727,197413,31.63,optimized_lossless,True,visual identity verified,85354e8fddd6141776ff7c9f84e8eff70ce40e5e021faa1838c0a46d3dc44d91,Madhusudhana Muralidhara.pdf
Madhuvan Ke Mohana Murali Bajaiyya,Madhuvan Ke Mohana Murali Bajaiyya.pdf,sheets/Madhuvan Ke Mohana Murali Bajaiyya.pdf,2,True,450486,308258,31.57,optimized_lossless,True,visual identity verified,3683348741120f1eeeb42ac4611299cb01101bb1d5cb7e45241958c81332b3a1,Madhuvan Ke Mohana Murali Bajaiyya.pdf
Madhuvana Ke Muraliwala,Madhuvana Ke Muraliwala.pdf,sheets/Madhuvana Ke Muraliwala.pdf,1,True,347405,240162,30.87,optimized_lossless,True,visual identity verified,ee19075de3341a192dc96ad04b948e3a85b704a69cabf97d9ebb6934f06a9cb2,Madhuvana Ke Muraliwala.pdf
Madhuvana Murali Guna Gao,Madhuvana Murali Guna Gao.pdf,sheets/Madhuvana Murali Guna Gao.pdf,1,True,333168,181547,45.51,optimized_lossless,True,visual identity verified,3826a681f5f299cc5b61ccc2072d960ace9ed49f8016fb224b763071df1bb992,Madhuvana Murali Guna Gao.pdf
Madhuvana Murali Shyama Murari,Madhuvana Murali Shyama Murari.pdf,sheets/Madhuvana Murali Shyama Murari.pdf,1,True,280262,196941,29.73,optimized_lossless,True,visual identity verified,8389fdcd82c550f97fb0d296f4e20ec933eef498e6230a56d454687e25db68fd,Madhuvana Murali Shyama Murari.pdf
Madhuvana Sanchari Shyama Murari,Madhuvana Sanchari Shyama Murari.pdf,sheets/Madhuvana Sanchari Shyama Murari.pdf,1,True,273478,190226,30.44,optimized_lossless,True,visual identity verified,af2c6e922c4b9aba38b2d9398e8449dcda972d14005aa01e6493a2d6cccabadc,Madhuvana Sanchari Shyama Murari.pdf
Madura Puri Nilayey Meenakshi,Madura Puri Nilayey Meenakshi.pdf,sheets/Madura Puri Nilayey Meenakshi.pdf,1,True,344322,180403,47.61,optimized_lossless,True,visual identity verified,62d794d6dad3fd2383bdf423ca3d381231da1def840699f5c9bec51a37ef7343,Madura Puri Nilayey Meenakshi.pdf
Maha Ganapathey Namostuthey,Maha Ganapathey Namostuthey.pdf,sheets/Maha Ganapathey Namostuthey.pdf,1,True,273328,191703,29.86,optimized_lossless,True,visual identity verified,b4a8f7d9cb0be6e89bd52d5f928cbe1d433e15e2c247bd9b73a24374eb010a75,Maha Ganapathey Namostuthey.pdf
Mahadeva Maheshwara Sai Narayana,Mahadeva Maheshwara Sai Narayana.pdf,sheets/Mahadeva Maheshwara Sai Narayana.pdf,2,True,431719,297936,30.99,optimized_lossless,True,visual identity verified,eb51798f0b0db44c2305f50b7a7f3541ad1d48e57b832aea8a78272a9b894eec,Mahadeva Maheshwara Sai Narayana.pdf
Mahadeva Shiva Shambho Shankara,Mahadeva Shiva Shambho Shankara.pdf,sheets/Mahadeva Shiva Shambho Shankara.pdf,1,True,411911,222983,45.87,optimized_lossless,True,visual identity verified,53e94821470204d684051a732023e5f382f7fffb98156a923fba987a47a5c036,Mahadeva Shiva Shambho Shankara.pdf
Man Ek Baar Hari Bol,Man Ek Baar Hari Bol.pdf,sheets/Man Ek Baar Hari Bol.pdf,1,True,372237,197895,46.84,optimized_lossless,True,visual identity verified,5ac32ea6a1575aeb2c1b9a5762fb3f6c2b81558fd27ca9b44f112058080918dd,Man Ek Baar Hari Bol.pdf
Man Mandir Mey Aao Giridhari,Man Mandir Mey Aao Giridhari.pdf,sheets/Man Mandir Mey Aao Giridhari.pdf,1,True,322011,226243,29.74,optimized_lossless,True,visual identity verified,b27fedb16efc523f99f1e99c46531f6bc30262c23e75a0ac2004fede29e30a3e,Man Mandir Mey Aao Giridhari.pdf
Man Mandir Mey Aao Sai,Man Mandir Mey Aao Sai.pdf,sheets/Man Mandir Mey Aao Sai.pdf,1,True,339877,239214,29.62,optimized_lossless,True,visual identity verified,85119a9244013d98ad861f51ddc4b0ea324a96f54fbff6be4dd6026c6e3c29ac,Man Mandir Mey Aao Sai.pdf
Man Mey Merey Gopala Shyama Radhey Nandalala,Man Mey Merey Gopala Shyama Radhey Nandalala.pdf,sheets/Man Mey Merey Gopala Shyama Radhey Nandalala.pdf,2,True,378298,260867,31.04,optimized_lossless,True,visual identity verified,d9912947d070d2f10f0f5ce73bf2303bf5c72cf3d3a3d41df42cad819f593b97,Man Mey Merey Gopala Shyama Radhey Nandalala.pdf
Mana Bangaru Parthi Baba,Mana Bangaru Parthi Baba.pdf,sheets/Mana Bangaru Parthi Baba.pdf,1,True,255547,176310,31.01,optimized_lossless,True,visual identity verified,a9f821772d8bbc3a2a5c9ae1735d8c80dc530d827eda7675afb8e44650e051d8,Mana Bangaru Parthi Baba.pdf
Mana Mohana Krishna Kunja Vihari,Mana Mohana Krishna Kunja Vihari.pdf,sheets/Mana Mohana Krishna Kunja Vihari.pdf,1,True,359928,250661,30.36,optimized_lossless,True,visual identity verified,ed60b5baa639bc8696c896ec091d712ca01b4dd7a71e64caecb792a85427ca9a,Mana Mohana Krishna Kunja Vihari.pdf
Mana Mohana Murali Gopala Jaya Govinda Radhey Gopala,Mana Mohana Murali Gopala Jaya Govinda Radhey Gopala.pdf,sheets/Mana Mohana Murali Gopala Jaya Govinda Radhey Gopala.pdf,1,True,249456,171085,31.42,optimized_lossless,True,visual identity verified,2482f862cf7837b937bf717ae7a6728489e7568b420651662b5f1c33fd7f49ef,Mana Mohana Murali Gopala Jaya Govinda Radhey Gopala.pdf
Mana Mohana Muralidhari Jaya Radhey Govinda,Mana Mohana Muralidhari Jaya Radhey Govinda.pdf,sheets/Mana Mohana Muralidhari Jaya Radhey Govinda.pdf,2,True,501175,342110,31.74,optimized_lossless,True,visual identity verified,5556884e5db31204a7b175a5d9217f013048fbe9237ed07d341faab08ba42e4c,Mana Mohana Muralidhari Jaya Radhey Govinda.pdf
Mana Mohana Nandalal,Mana Mohana Nandalal.pdf,sheets/Mana Mohana Nandalal.pdf,1,True,302174,205417,32.02,optimized_lossless,True,visual identity verified,3c972f18eb5201db1c1427468c67d5bd5486297d0a310c2307195f83656886dc,Mana Mohana Nandalal.pdf
Mana Mohana Shyama Murari,Mana Mohana Shyama Murari.pdf,sheets/Mana Mohana Shyama Murari.pdf,1,True,367901,256141,30.38,optimized_lossless,True,visual identity verified,fbb732a113f0036c74700d849018e1fdb8ef652fc4216ea371b9ee55cad3955a,Mana Mohana Shyama Murari.pdf
Manasa Bhajorey Guru Charanam,Manasa Bhajorey Guru Charanam.pdf,sheets/Manasa Bhajorey Guru Charanam.pdf,2,True,393370,265546,32.49,optimized_lossless,True,visual identity verified,c144e7a36c3771d97e5fc5ac91676479b2de3fda57236ec62f4f3d4f391cdef3,Manasa Bhajorey Guru Charanam.pdf
Mandara Mala Dhara Jaya Gowri Shankara,Mandara Mala Dhara Jaya Gowri Shankara.pdf,sheets/Mandara Mala Dhara Jaya Gowri Shankara.pdf,2,True,457473,232568,49.16,optimized_lossless,True,visual identity verified,bd3962aa5b1063b215db11a97c8048bab6c2681c4cdd9309b1dcf2917ca34b12,Mandara Mala Dhara Jaya Gowri Shankara.pdf
Mandir Mey Aao Madhava,Mandir Mey Aao Madhava.pdf,sheets/Mandir Mey Aao Madhava.pdf,2,True,633767,433101,31.66,optimized_lossless,True,visual identity verified,9dcc0ebc4d004ea8a81651ca08988bd8ce6c127f9db3699956255c71b035be80,Mandir Mey Aao Madhava.pdf
Mandir Mey Tum Ram Ho Sai,Mandir Mey Tum Ram Ho Sai.pdf,sheets/Mandir Mey Tum Ram Ho Sai.pdf,1,True,330290,229222,30.6,optimized_lossless,True,visual identity verified,89b884841613d933488383c7dd0c917bbaa7d1400f70765cc4c8bde0063a6b3a,Mandir Mey Tum Ram Ho Sai.pdf
Mangala Charana Gajanana,Mangala Charana Gajanana.pdf,sheets/Mangala Charana Gajanana.pdf,1,True,333042,174975,47.46,optimized_lossless,True,visual identity verified,7daef20867e2dbf25687d7a0f4866e76234f4d756855a49ae146588d25d83e78,Mangala Charana Gajanana.pdf
Mangala Dayaka Hey Gananatha,Mangala Dayaka Hey Gananatha.pdf,sheets/Mangala Dayaka Hey Gananatha.pdf,1,True,369900,195344,47.19,optimized_lossless,True,visual identity verified,c099a535cbfd9b52b89a5d50524336e311a68ad1823646caac6ab81699161472,Mangala Dayaka Hey Gananatha.pdf
Mangala Kaarini Jai Sai Ma,Mangala Kaarini Jai Sai Ma.pdf,sheets/Mangala Kaarini Jai Sai Ma.pdf,2,True,387516,262446,32.27,optimized_lossless,True,visual identity verified,ae02018a50b7e2c12a4fb649a75557a9d18954d8b95c25c2d9fa612d8381a73a,Mangala Kaarini Jai Sai Ma.pdf
Mangala Shubhakari Mata Maheshwari,Mangala Shubhakari Mata Maheshwari.pdf,sheets/Mangala Shubhakari Mata Maheshwari.pdf,1,True,384717,203676,47.06,optimized_lossless,True,visual identity verified,88d7fe9067f8166effd0bf40f73e3847a56979c95072bc92d67c68d695965253,Mangala Shubhakari Mata Maheshwari.pdf
Manuva Bolo Jai Sita Ram Bolo Jai Radhey Shyam,Manuva Bolo Jai Sita Ram Bolo Jai Radhey Shyam.pdf,sheets/Manuva Bolo Jai Sita Ram Bolo Jai Radhey Shyam.pdf,1,True,293652,209227,28.75,optimized_lossless,True,visual identity verified,e09a518b918d46c85e11e5b27865b82bd20de31cdddf5da266b401ef28bcc080,Manuva Bolo Jai Sita Ram Bolo Jai Radhey Shyam.pdf
Manuva Bolo Radhey Radhey Radhey-Sheet-Music,Manuva Bolo Radhey Radhey Radhey-Sheet-Music.pdf,sheets/Manuva Bolo Radhey Radhey Radhey-Sheet-Music.pdf,1,True,377181,258014,31.59,optimized_lossless,True,visual identity verified,7875cee9dbecde96387b1d6b79ef23da03a889a9f604b64f899db54f469643b8,Manuva Bolo Radhey Radhey Radhey-Sheet-Music.pdf
Mata Bhavani Jagadambe Ma,Mata Bhavani Jagadambe Ma.pdf,sheets/Mata Bhavani Jagadambe Ma.pdf,2,True,496559,249439,49.77,optimized_lossless,True,visual identity verified,510bb8d060857618a53c5b228d2c12169d6aee9d68eb79d84485c59f34f2283d,Mata Bhavani Jagadambe Ma.pdf
Mata Maheshwari Tribhuvana Janani,Mata Maheshwari Tribhuvana Janani.pdf,sheets/Mata Maheshwari Tribhuvana Janani.pdf,1,True,392675,209327,46.69,optimized_lossless,True,visual identity verified,b932328382b349a026b58f29f6e4f0ce23b2d1232e6133aaab38e12d687f820e,Mata Maheshwari Tribhuvana Janani.pdf
Mata Mata Sai Mata,Mata Mata Sai Mata.pdf,sheets/Mata Mata Sai Mata.pdf,1,True,328736,170069,48.27,optimized_lossless,True,visual identity verified,020f3c29d3b0318127c6fb4b338fe260b685062a0b5d0e307d79a9a198d82361,Mata Mata Sai Mata.pdf
Matanga Vadana Ananda Sadana,Matanga Vadana Ananda Sadana.pdf,sheets/Matanga Vadana Ananda Sadana.pdf,1,True,327248,173044,47.12,optimized_lossless,True,visual identity verified,d1fd1325901a86a66b99801335fbe55739ea5a49b0e14cb38b11fb7e322cd2d8,Matanga Vadana Ananda Sadana.pdf
Matanga Vadana Maam Palaya-Sheet-Music,Matanga Vadana Maam Palaya-Sheet-Music.pdf,sheets/Matanga Vadana Maam Palaya-Sheet-Music.pdf,1,True,244182,172577,29.32,optimized_lossless,True,visual identity verified,20be89dd4ee6b8e8fbb87e18a553437d85761d4374ad8413f145b7d130fbe42d,Matanga Vadana Maam Palaya-Sheet-Music.pdf
Mathura Natha Gopala,Mathura Natha Gopala.pdf,sheets/Mathura Natha Gopala.pdf,1,True,320107,220543,31.1,optimized_lossless,True,visual identity verified,f52b4f4b1fd5351112679f3e7fb1a0ba8cd7588692e257414433d320eb747d91,Mathura Natha Gopala.pdf
Mathuradhipathey Krishna Mukunda,Mathuradhipathey Krishna Mukunda.pdf,sheets/Mathuradhipathey Krishna Mukunda.pdf,1,True,320104,223035,30.32,optimized_lossless,True,visual identity verified,6ca137000278daaa24d88c9c95d37e720901bfedaf8051b354292be5162a1efc,Mathuradhipathey Krishna Mukunda.pdf
Meera Nath Harey Giridhari,Meera Nath Harey Giridhari.pdf,sheets/Meera Nath Harey Giridhari.pdf,1,True,282637,199663,29.36,optimized_lossless,True,visual identity verified,d11b646c0dfc53c6edf8a6789db625aedaf38cb85ddf16db19f967cb5825d98c,Meera Nath Harey Giridhari.pdf
Mera Jeevan Terey Hawaley Prabhu Isey Pag Pag Tu Hi Sambhaley,Mera Jeevan Terey Hawaley Prabhu Isey Pag Pag Tu Hi Sambhaley.pdf,sheets/Mera Jeevan Terey Hawaley Prabhu Isey Pag Pag Tu Hi Sambhaley.pdf,4,True,865806,603199,30.33,optimized_lossless,True,visual identity verified,813e344b085b21a906a9218a193b019077641f5704a3868eec6f34348fce8ad9,Mera Jeevan Terey Hawaley Prabhu Isey Pag Pag Tu Hi Sambhaley.pdf
Mitha Smitha Sundara Mukharavinda Nacho Nandalala,Mitha Smitha Sundara Mukharavinda Nacho Nandalala.pdf,sheets/Mitha Smitha Sundara Mukharavinda Nacho Nandalala.pdf,2,True,620752,423497,31.78,optimized_lossless,True,visual identity verified,c813e03fd3809b332d33788f02eb00fb900a2f54e3e6ab38504e1fc3e8ff7d56,Mitha Smitha Sundara Mukharavinda Nacho Nandalala.pdf
Mruthyunjayaya Namah Om,Mruthyunjayaya Namah Om.pdf,sheets/Mruthyunjayaya Namah Om.pdf,1,True,353959,246605,30.33,optimized_lossless,True,visual identity verified,e5e9a5041197069fa4f23efb5dcd45226ce8fee2899f0ca73628efb1449fe2ec,Mruthyunjayaya Namah Om.pdf
Mukunda Madhava Murali Manohara Govardhana Giridhari,Mukunda Madhava Murali Manohara Govardhana Giridhari.pdf,sheets/Mukunda Madhava Murali Manohara Govardhana Giridhari.pdf,2,True,604530,412467,31.77,optimized_lossless,True,visual identity verified,c12f7cdc56726abc11122e29024bcb619b470adf7023d69edf5e05075f337685,Mukunda Madhava Murali Manohara Govardhana Giridhari.pdf
Mukunda Murari Murari Gopal,Mukunda Murari Murari Gopal.pdf,sheets/Mukunda Murari Murari Gopal.pdf,1,True,375803,260430,30.7,optimized_lossless,True,visual identity verified,acbd81960e7251555ad0d9a84544680bd520d579315c5715c7cd5ac149c6fb46,Mukunda Murari Murari Gopal.pdf
Murali Krishna Mukunda Krishna Mohana Krishna Krishna Krishna,Murali Krishna Mukunda Krishna Mohana Krishna Krishna Krishna.pdf,sheets/Murali Krishna Mukunda Krishna Mohana Krishna Krishna Krishna.pdf,1,True,347642,238985,31.26,optimized_lossless,True,visual identity verified,bd1d27f671187f22d38cd252ab41c60fe03ccb9306e608585a03c0be641ce20c,Murali Krishna Mukunda Krishna Mohana Krishna Krishna Krishna.pdf
Murali Vinodana Munijana Mohana,Murali Vinodana Munijana Mohana.pdf,sheets/Murali Vinodana Munijana Mohana.pdf,1,True,292026,206667,29.23,optimized_lossless,True,visual identity verified,4a5a3934e181ca8daee8c3dc17a23185137b4e37a51a368fb9f9d40459404050,Murali Vinodana Munijana Mohana.pdf
Muralidhara Bada Chitha Chor,Muralidhara Bada Chitha Chor.pdf,sheets/Muralidhara Bada Chitha Chor.pdf,1,True,242146,170182,29.72,optimized_lossless,True,visual identity verified,0a03560edc54f12b4932e9a384fcc8a736d5d82cf79e2df395bcd5847598be4d,Muralidhara Bada Chitha Chor.pdf
Muralidhara Gopala Madhura,Muralidhara Gopala Madhura.pdf,sheets/Muralidhara Gopala Madhura.pdf,1,True,354066,248055,29.94,optimized_lossless,True,visual identity verified,7585d6b44832053f0ba9b5e3ac64fbabb67c30fdcb7f243acd229e716f764da1,Muralidhara Gopala Madhura.pdf
Muralidhara Hey Ghana Shyama,Muralidhara Hey Ghana Shyama.pdf,sheets/Muralidhara Hey Ghana Shyama.pdf,1,True,349385,242780,30.51,optimized_lossless,True,visual identity verified,bb1e58ca407ba22a58f04e1838ab65ab1b4e8bedf05f1a5e6a0890cd83660e24,Muralidhara Hey Ghana Shyama.pdf
Muralidhara Mukunda Murari,Muralidhara Mukunda Murari.pdf,sheets/Muralidhara Mukunda Murari.pdf,1,True,313162,219222,30.0,optimized_lossless,True,visual identity verified,32ff43e3c35f71df8ad1de9bd10c3a7a564f6352a6cdfaaca6e9093735b92bca,Muralidhara Mukunda Murari.pdf
Muralidhara Murahara Natavara,Muralidhara Murahara Natavara.pdf,sheets/Muralidhara Murahara Natavara.pdf,1,True,262635,184016,29.93,optimized_lossless,True,visual identity verified,c919e570c57693230062fbb04109c450630e8b1f2d41e4e024dcb28b375e8ec1,Muralidhara Murahara Natavara.pdf
Mythili Pathey Raghu Nandana,Mythili Pathey Raghu Nandana.pdf,sheets/Mythili Pathey Raghu Nandana.pdf,2,True,457194,232190,49.21,optimized_lossless,True,visual identity verified,387e8fe30b712117fbe1bdf6399a016190c0ad6fd43ae7b30fb9066ae5348bed,Mythili Pathey Raghu Nandana.pdf
Naada Brahma Sayeeshwara,Naada Brahma Sayeeshwara.pdf,sheets/Naada Brahma Sayeeshwara.pdf,1,True,374644,262612,29.9,optimized_lossless,True,visual identity verified,9557965a2e2ab447c724146a56be2d5f4cb16611fcc4a88340ddf0fca745e9d7,Naada Brahma Sayeeshwara.pdf
Naam Bhajo Hari Naam Bhajo,Naam Bhajo Hari Naam Bhajo.pdf,sheets/Naam Bhajo Hari Naam Bhajo.pdf,2,True,467643,237963,49.11,optimized_lossless,True,visual identity verified,1ab1ff3ab5af95c485bbe4e5ae0e12e5d192647b39be9b36dbb1417b80462137,Naam Bhajo Hari Naam Bhajo.pdf
Nachey Tribhanga Krishna Murari,Nachey Tribhanga Krishna Murari.pdf,sheets/Nachey Tribhanga Krishna Murari.pdf,1,True,283561,199267,29.73,optimized_lossless,True,visual identity verified,0819d8f63455d65cbd962db51f22fec296142a6dea9f09b596761006270b9e1f,Nachey Tribhanga Krishna Murari.pdf
Nacho Hey Nataraj Shiva Shambho,Nacho Hey Nataraj Shiva Shambho.pdf,sheets/Nacho Hey Nataraj Shiva Shambho.pdf,1,True,298335,206504,30.78,optimized_lossless,True,visual identity verified,2fdad463656ef89d16c111ddc5b6c89d71656cca7bacbb2c9ed5798e6485013b,Nacho Hey Nataraj Shiva Shambho.pdf
Namah Parvathi Pathayey Hara Hara,Namah Parvathi Pathayey Hara Hara.pdf,sheets/Namah Parvathi Pathayey Hara Hara.pdf,2,True,589337,305307,48.19,optimized_lossless,True,visual identity verified,be1cb9011ea8d21e1aee413f222125f65faba87692d60431ec463cbb0dffbbc8,Namah Parvathi Pathayey Hara Hara.pdf
Namah Shivaya Namah Shivaya,Namah Shivaya Namah Shivaya.pdf,sheets/Namah Shivaya Namah Shivaya.pdf,1,True,431119,229169,46.84,optimized_lossless,True,visual identity verified,c73cfd1a0e5e694c1f344a33287accd9546cecf0a70265cf5dfc372e62f14a78,Namah Shivaya Namah Shivaya.pdf
Namami Brahma Namami Vishnu Namami Maheshwara,Namami Brahma Namami Vishnu Namami Maheshwara.pdf,sheets/Namami Brahma Namami Vishnu Namami Maheshwara.pdf,1,True,265682,185340,30.24,optimized_lossless,True,visual identity verified,2c0bd648b071353889ef71b2ef2fdffe5cbc8b97736c39838369964187654f74,Namami Brahma Namami Vishnu Namami Maheshwara.pdf
Namami Nithyam Gananatham Smarami Nithyam Gajavadanam,Namami Nithyam Gananatham Smarami Nithyam Gajavadanam.pdf,sheets/Namami Nithyam Gananatham Smarami Nithyam Gajavadanam.pdf,1,True,304158,158713,47.82,optimized_lossless,True,visual identity verified,64015c4e369e19fc2c05ea6f0d0b2810a2f3a59da807fbdeb50b51aef67e93e0,Namami Nithyam Gananatham Smarami Nithyam Gajavadanam.pdf
Namami Sai Pada Pankajam,Namami Sai Pada Pankajam.pdf,sheets/Namami Sai Pada Pankajam.pdf,1,True,239981,168615,29.74,optimized_lossless,True,visual identity verified,835175052953467cac77b1aaac179db5668c9a6e5c5e64c4792e102450bec23b,Namami Sai Pada Pankajam.pdf
Namo Bhagawathey Vasudevaya,Namo Bhagawathey Vasudevaya.pdf,sheets/Namo Bhagawathey Vasudevaya.pdf,2,True,606461,413883,31.75,optimized_lossless,True,visual identity verified,aa28f1d23a2f920f9b04e7ea830d6242e1c29288c922673caa93e0063dc54ef7,Namo Bhagawathey Vasudevaya.pdf
Namo Namo Nataraja Namo Hara Jata Jootadhara Shambho,Namo Namo Nataraja Namo Hara Jata Jootadhara Shambho.pdf,sheets/Namo Namo Nataraja Namo Hara Jata Jootadhara Shambho.pdf,2,True,437770,216513,50.54,optimized_lossless,True,visual identity verified,bed3158640f334d897306d6b04fe5ce86fb6b66288b6b1ad09a779ff9ee5cf35,Namo Namo Nataraja Namo Hara Jata Jootadhara Shambho.pdf
Namo Namo Sri Devi Namo,Namo Namo Sri Devi Namo.pdf,sheets/Namo Namo Sri Devi Namo.pdf,1,True,311737,162210,47.97,optimized_lossless,True,visual identity verified,56100f5e7b6b01bde643f6be362aa6874520cf1746e417a866c4360532c1b23f,Namo Namo Sri Devi Namo.pdf
Namo Sharada Namo Sharada Namo Sharada Mata,Namo Sharada Namo Sharada Namo Sharada Mata.pdf,sheets/Namo Sharada Namo Sharada Namo Sharada Mata.pdf,2,True,522074,260353,50.13,optimized_lossless,True,visual identity verified,9c41dde0279e614e9c79babbb5faaa71d4d1c2a9ace50eac44498a063b830fa2,Namo Sharada Namo Sharada Namo Sharada Mata.pdf
Nanda Gopal Nanda Gopal,Nanda Gopal Nanda Gopal.pdf,sheets/Nanda Gopal Nanda Gopal.pdf,1,True,290250,199274,31.34,optimized_lossless,True,visual identity verified,5883b84ca1a932ff3d5db2eb6c1f0c3effafb684cf29770b39f2e23bb22831e3,Nanda Gopal Nanda Gopal.pdf
Nanda Ke Dularey Bhaiyya Nacho Nacho Nacho,Nanda Ke Dularey Bhaiyya Nacho Nacho Nacho.pdf,sheets/Nanda Ke Dularey Bhaiyya Nacho Nacho Nacho.pdf,2,True,444394,304545,31.47,optimized_lossless,True,visual identity verified,171135fcb207e54da7a0b6798ab9abdef32c20642fd80a0c67986c9792c37d9f,Nanda Ke Dularey Bhaiyya Nacho Nacho Nacho.pdf
Nanda Ke Dularey Yashoda Ke Pyaarey,Nanda Ke Dularey Yashoda Ke Pyaarey.pdf,sheets/Nanda Ke Dularey Yashoda Ke Pyaarey.pdf,1,True,303233,214646,29.21,optimized_lossless,True,visual identity verified,d7c48e3822d2dbdb049588d677f60a1b18f7629f8a6c009a8b049c5dd3868f0d,Nanda Ke Dularey Yashoda Ke Pyaarey.pdf
Nanda Ke Lal Murali Gopal,Nanda Ke Lal Murali Gopal.pdf,sheets/Nanda Ke Lal Murali Gopal.pdf,2,True,525910,358409,31.85,optimized_lossless,True,visual identity verified,d90481ff730d56dada0d920679190fe18804b18a4cb58a24775e1ce53cba6518,Nanda Ke Lal Murali Gopal.pdf
Nanda Kishora Jaya Gopal,Nanda Kishora Jaya Gopal.pdf,sheets/Nanda Kishora Jaya Gopal.pdf,1,True,309015,215099,30.39,optimized_lossless,True,visual identity verified,dcf795f71777d85cc1333ce54ded6dbce549bd4659f42100d71514d16dec3bb4,Nanda Kishora Jaya Gopal.pdf
Nanda Kishora Narayana,Nanda Kishora Narayana.pdf,sheets/Nanda Kishora Narayana.pdf,1,True,260500,181687,30.25,optimized_lossless,True,visual identity verified,a3880f8e29e6c5b4d53fb95b24cd9111827b79c256f0d8f51b56b701d0c21141,Nanda Kishora Narayana.pdf
Nanda Mukunda Hari Gopala,Nanda Mukunda Hari Gopala.pdf,sheets/Nanda Mukunda Hari Gopala.pdf,1,True,357426,247436,30.77,optimized_lossless,True,visual identity verified,4a8f4dd9789e990c55c2dc9ac06e06596e716447ac0a7b08b98b803835c000be,Nanda Mukunda Hari Gopala.pdf
Nanda Nandana Hari Govinda Gopala,Nanda Nandana Hari Govinda Gopala.pdf,sheets/Nanda Nandana Hari Govinda Gopala.pdf,1,True,351669,242655,31.0,optimized_lossless,True,visual identity verified,1baab455d73fdb06f74dfbec54920744b1860637234e1e33395d59b0966f0bec,Nanda Nandana Hari Govinda Gopala.pdf
Nanda Nandana Navaneetha Chora,Nanda Nandana Navaneetha Chora.pdf,sheets/Nanda Nandana Navaneetha Chora.pdf,1,True,364359,255250,29.95,optimized_lossless,True,visual identity verified,dd33fbee507b782de6f1a2bc31d36be64ee5b1fb50d512e57d5d453265b8bdfd,Nanda Nandana Navaneetha Chora.pdf
Nandalala Nandalala Daya Karo Bhagawan,Nandalala Nandalala Daya Karo Bhagawan.pdf,sheets/Nandalala Nandalala Daya Karo Bhagawan.pdf,1,True,350533,245037,30.1,optimized_lossless,True,visual identity verified,5dc88bf66e4c97df3bca84a7d9a3a24b815ae8bbc8309d097f05f9cb5dfcbf95,Nandalala Nandalala Daya Karo Bhagawan.pdf
Nandalala Navaneetha Chora Natavara Lala Gopala,Nandalala Navaneetha Chora Natavara Lala Gopala.pdf,sheets/Nandalala Navaneetha Chora Natavara Lala Gopala.pdf,2,True,573998,392296,31.66,optimized_lossless,True,visual identity verified,a458bb44b0a627441479ee69478ee565e19ef304196baa622a786456dd3f2c28,Nandalala Navaneetha Chora Natavara Lala Gopala.pdf
Nandalala Yadu Nandalala,Nandalala Yadu Nandalala.pdf,sheets/Nandalala Yadu Nandalala.pdf,1,True,243344,125173,48.56,optimized_lossless,True,visual identity verified,4713ef07332b285cb73c69c7bd93fe2f285fae96f3479f1170b91e34e71270cb,Nandalala Yadu Nandalala.pdf
Nandeeshwara Hey Nataraja,Nandeeshwara Hey Nataraja.pdf,sheets/Nandeeshwara Hey Nataraja.pdf,1,True,376860,200487,46.8,optimized_lossless,True,visual identity verified,39e1a081e249cdae184e87c7e78285b75217f72c1c151749bf2e6fb5d59c2bec,Nandeeshwara Hey Nataraja.pdf
Nandi Vahana Nataraja Harey,Nandi Vahana Nataraja Harey.pdf,sheets/Nandi Vahana Nataraja Harey.pdf,2,True,738618,364231,50.69,optimized_lossless,True,visual identity verified,5ac615e311610643ba8831134c8b9cd31ab3d76aca213b977d470d3456c6d4e1,Nandi Vahana Nataraja Harey.pdf
Narayan Narayan Bhaja Mana Narayan,Narayan Narayan Bhaja Mana Narayan.pdf,sheets/Narayan Narayan Bhaja Mana Narayan.pdf,1,True,335199,230664,31.19,optimized_lossless,True,visual identity verified,c533b49e726abb20cf572205caf5e1b7b0ea4e7d2ed977a2fb6cf54ec36a5a92,Narayan Narayan Bhaja Mana Narayan.pdf
Narayana Govinda Harey,Narayana Govinda Harey.pdf,sheets/Narayana Govinda Harey.pdf,1,True,367263,198004,46.09,optimized_lossless,True,visual identity verified,7fe764c2b24012222b938c7f0c980e24df7b26c4eccfb2f35f756de52592faf1,Narayana Govinda Harey.pdf
Narayana Hari Naama Bhajorey Narayana Veda Parayana,Narayana Hari Naama Bhajorey Narayana Veda Parayana.pdf,sheets/Narayana Hari Naama Bhajorey Narayana Veda Parayana.pdf,1,True,303000,160942,46.88,optimized_lossless,True,visual identity verified,8c7d9ca8b73229227c48c944f15dcfc02bb3df4358178d196ef96f04c6b0a650,Narayana Hari Naama Bhajorey Narayana Veda Parayana.pdf
Narayana Hari Narayana,Narayana Hari Narayana.pdf,sheets/Narayana Hari Narayana.pdf,1,True,271073,189245,30.19,optimized_lossless,True,visual identity verified,7b2590b09aaf32f52ec2eaf4dba2af3329fb04592c7ddc50b3acf02a8f3bf785,Narayana Hari Narayana.pdf
Narayana Hari Narayana Bhaja Narayana Sai Narayana,Narayana Hari Narayana Bhaja Narayana Sai Narayana.pdf,sheets/Narayana Hari Narayana Bhaja Narayana Sai Narayana.pdf,2,True,387190,260764,32.65,optimized_lossless,True,visual identity verified,196af8311e255cd371830f9591b002adba39b81846716d008fd853de75013e08,Narayana Hari Narayana Bhaja Narayana Sai Narayana.pdf
Narayana Hari Narayana Hari Narayana Veda Parayana,Narayana Hari Narayana Hari Narayana Veda Parayana.pdf,sheets/Narayana Hari Narayana Hari Narayana Veda Parayana.pdf,1,True,304300,158199,48.01,optimized_lossless,True,visual identity verified,1c47f4d596256477beb077d8483d79b49f4313f9ad944a0a4f7602e7e69cd74e,Narayana Hari Narayana Hari Narayana Veda Parayana.pdf
Narayana Narayana Jaya Govinda Harey,Narayana Narayana Jaya Govinda Harey.pdf,sheets/Narayana Narayana Jaya Govinda Harey.pdf,1,True,291345,197205,32.31,optimized_lossless,True,visual identity verified,76691ceb2359dd34256175da0eba05c3e8105b058d07c5ff444870919c69b0de,Narayana Narayana Jaya Govinda Harey.pdf
Nataraja Hey Tripurari,Nataraja Hey Tripurari.pdf,sheets/Nataraja Hey Tripurari.pdf,1,True,420627,233919,44.39,optimized_lossless,True,visual identity verified,1990df7769a7d53b71ed6a787ecca2b626a9b1893f86c38c1c4b4510836ed82d,Nataraja Hey Tripurari.pdf
Nataraja Namami Shankara,Nataraja Namami Shankara.pdf,sheets/Nataraja Namami Shankara.pdf,1,True,291720,155022,46.86,optimized_lossless,True,visual identity verified,2d22815d4ef4f74d1fdb6dae12be63c32bcc3a4ed334e25d5e67ae001ecffbc8,Nataraja Namami Shankara.pdf
Nataraja Nataraja Narthana Sundara Nataraja,Nataraja Nataraja Narthana Sundara Nataraja.pdf,sheets/Nataraja Nataraja Narthana Sundara Nataraja.pdf,1,True,381014,198207,47.98,optimized_lossless,True,visual identity verified,603fbf05e670dd378677673bda680c3dea703e618dd834e759169395f5e37b46,Nataraja Nataraja Narthana Sundara Nataraja.pdf
Nataraja Nataraja Natana Shekara Raja,Nataraja Nataraja Natana Shekara Raja.pdf,sheets/Nataraja Nataraja Natana Shekara Raja.pdf,2,True,544621,275209,49.47,optimized_lossless,True,visual identity verified,b2297f9ca22cea4f535ae1b2db96e145fd24f8978f3ba58b5f33c346274dbc63,Nataraja Nataraja Natana Shekara Raja.pdf
Natavara Krishna Natavara Krishna Radhey Nandalala,Natavara Krishna Natavara Krishna Radhey Nandalala.pdf,sheets/Natavara Krishna Natavara Krishna Radhey Nandalala.pdf,1,True,276336,187616,32.11,optimized_lossless,True,visual identity verified,3b2a9cd7838ba92eee041b0bbeee2f23919bad9a82054ac5707ace3b31a1c833,Natavara Krishna Natavara Krishna Radhey Nandalala.pdf
Natavara Lal Giridhara Gopal,Natavara Lal Giridhara Gopal.pdf,sheets/Natavara Lal Giridhara Gopal.pdf,1,True,267844,186157,30.5,optimized_lossless,True,visual identity verified,576d76bbf894cced2161745b95e48a86269b8334600e531750b09e0ad0148536,Natavara Lal Giridhara Gopal.pdf
Neela Megha Shyama Krishna Gopala Krishna,Neela Megha Shyama Krishna Gopala Krishna.pdf,sheets/Neela Megha Shyama Krishna Gopala Krishna.pdf,2,True,388694,269890,30.56,optimized_lossless,True,visual identity verified,e3f2617c554dc07adeedc5bd8ca36b79f89f99bfb37e5d814fb069b7092b7acf,Neela Megha Shyama Krishna Gopala Krishna.pdf
Neela Megha Shyamala Ghana Shyama Sundara,Neela Megha Shyamala Ghana Shyama Sundara.pdf,sheets/Neela Megha Shyamala Ghana Shyama Sundara.pdf,2,True,534905,365655,31.64,optimized_lossless,True,visual identity verified,2d4103369df581a04d8e08f75c3bd77848f45f51105dd2ee8431a16784ca2c4b,Neela Megha Shyamala Ghana Shyama Sundara.pdf
Neelakanta Gangadhara Hara Uma Pathey,Neelakanta Gangadhara Hara Uma Pathey.pdf,sheets/Neelakanta Gangadhara Hara Uma Pathey.pdf,2,True,445899,225540,49.42,optimized_lossless,True,visual identity verified,5c8fe4e88d97f0334153379a1350cd59aba1fda4d1ff16aab567c4bbcaa76ca1,Neelakanta Gangadhara Hara Uma Pathey.pdf
Neelakanta Mahadeva Gowri Vandana,Neelakanta Mahadeva Gowri Vandana.pdf,sheets/Neelakanta Mahadeva Gowri Vandana.pdf,1,True,436871,208259,52.33,optimized_lossless,True,visual identity verified,37b3793e1fd2399511aaa297759da3d625b33c3ab6ec7cc4cb9f34f51c7487f7,Neelakanta Mahadeva Gowri Vandana.pdf
Nirupama Guna Sadana Charana Neeraja Dala Nayana,Nirupama Guna Sadana Charana Neeraja Dala Nayana.pdf,sheets/Nirupama Guna Sadana Charana Neeraja Dala Nayana.pdf,1,True,358584,249865,30.32,optimized_lossless,True,visual identity verified,34027da9e859012f84281e9cccbe53a20f437390cc22a65f205eafb40bfd1d8b,Nirupama Guna Sadana Charana Neeraja Dala Nayana.pdf
O Baba Sai Baba,O Baba Sai Baba.pdf,sheets/O Baba Sai Baba.pdf,1,True,298412,206230,30.89,optimized_lossless,True,visual identity verified,4bb427d0d0b54caf92fa3f37680450657726ac089a43515f10341ec78a0490f6,O Baba Sai Baba.pdf
O Bhagawan O Bhagawan Araj Suno Merey Sai Bhagawan,O Bhagawan O Bhagawan Araj Suno Merey Sai Bhagawan.pdf,sheets/O Bhagawan O Bhagawan Araj Suno Merey Sai Bhagawan.pdf,1,True,328777,226788,31.02,optimized_lossless,True,visual identity verified,6803e54e5d0d07030eca720bbba91f66052f65cd5a612f02fa39cfefc06d8c9b,O Bhagawan O Bhagawan Araj Suno Merey Sai Bhagawan.pdf
Om Hari Om Hari Om Bhajorey Sada Om Hari Om Hari Om,Om Hari Om Hari Om Bhajorey Sada Om Hari Om Hari Om.pdf,sheets/Om Hari Om Hari Om Bhajorey Sada Om Hari Om Hari Om.pdf,2,True,545578,274139,49.75,optimized_lossless,True,visual identity verified,5112aa89e12c520801dae672846b59801d6430e3ff091f18a30ff7e264794932,Om Hari Om Hari Om Bhajorey Sada Om Hari Om Hari Om.pdf
Om Hari Om... Sai Shankara Om,Om Hari Om... Sai Shankara Om.pdf,sheets/Om Hari Om... Sai Shankara Om.pdf,1,True,378834,177616,53.12,optimized_lossless,True,visual identity verified,3501d1125c264b1bd5cf9f9c5a734614ac6fcfe6982b1e9dccfbd90478ed7e7c,Om Hari Om... Sai Shankara Om.pdf
Om Jagat Janani Sai Mata,Om Jagat Janani Sai Mata.pdf,sheets/Om Jagat Janani Sai Mata.pdf,1,True,427536,226570,47.01,optimized_lossless,True,visual identity verified,2c77a7ab201e3b8670f31fa23c2ea780caf27891e8d3e6e2da19de358fac9ad3,Om Jagat Janani Sai Mata.pdf
Om Namah Shivaya Namo Narayana,Om Namah Shivaya Namo Narayana.pdf,sheets/Om Namah Shivaya Namo Narayana.pdf,1,True,274896,145830,46.95,optimized_lossless,True,visual identity verified,b931a4fec0085d298b3fe7ec4d2f4da4a3524e7621e16a7613884a4667024cc8,Om Namah Shivaya Namo Narayana.pdf
Om Namah Shivaya Namo Narayana (4),Om Namah Shivaya Namo Narayana (4).pdf,sheets/Om Namah Shivaya Namo Narayana (4).pdf,1,True,274896,145830,46.95,optimized_lossless,True,visual identity verified,708fd0792840daca32ed8853330090a99b6b45e04949dc81b933135e81db6110,Om Namah Shivaya Namo Narayana (4).pdf
Om Namo Bhagawathey Vasudevaya,Om Namo Bhagawathey Vasudevaya.pdf,sheets/Om Namo Bhagawathey Vasudevaya.pdf,2,True,507483,257410,49.28,optimized_lossless,True,visual identity verified,31368b298b08b226a8ad02bb07b6415db445e2ca22a0c5d25528c7ceea98d120,Om Namo Bhagawathey Vasudevaya.pdf
Om Shivaya Om Shivaya,Om Shivaya Om Shivaya.pdf,sheets/Om Shivaya Om Shivaya.pdf,1,True,250968,130989,47.81,optimized_lossless,True,visual identity verified,7644c3932cb52fa887260bff0f1e6e49450829589b1c64f88fe00c48d399aee2,Om Shivaya Om Shivaya.pdf
Om Sri Ram Jai Ram Jai Jai Ram,Om Sri Ram Jai Ram Jai Jai Ram.pdf,sheets/Om Sri Ram Jai Ram Jai Jai Ram.pdf,1,True,279686,142651,49.0,optimized_lossless,True,visual identity verified,cbc6987329eb5db6c49d81a4cc156d51eee99807450ef8d859fd1ca5d4f0a15b,Om Sri Ram Jai Ram Jai Jai Ram.pdf
Om Sri Ram Jai Ram Jai Jai Ram (4),Om Sri Ram Jai Ram Jai Jai Ram (4).pdf,sheets/Om Sri Ram Jai Ram Jai Jai Ram (4).pdf,1,True,279686,142651,49.0,optimized_lossless,True,visual identity verified,cbc6987329eb5db6c49d81a4cc156d51eee99807450ef8d859fd1ca5d4f0a15b,Om Sri Ram Jai Ram Jai Jai Ram (4).pdf
Omkara Priya Sai Rama,Omkara Priya Sai Rama.pdf,sheets/Omkara Priya Sai Rama.pdf,1,True,368913,255990,30.61,optimized_lossless,True,visual identity verified,3e56ab934995c49750da55381e5d32f3acc8acde89ef284be1dcf3be783041f2,Omkara Priya Sai Rama.pdf
Omkara Roopini Janani Ma,Omkara Roopini Janani Ma.pdf,sheets/Omkara Roopini Janani Ma.pdf,2,True,487924,244552,49.88,optimized_lossless,True,visual identity verified,adac6e6da2d09f4012605035153edb6f8e261b0cb164727db9dca161f747e926,Omkara Roopini Janani Ma.pdf
Paahi Gajanana Deenavana-Sheet-Music,Paahi Gajanana Deenavana-Sheet-Music.pdf,sheets/Paahi Gajanana Deenavana-Sheet-Music.pdf,1,True,278326,146252,47.45,optimized_lossless,True,visual identity verified,f1054995a94b6395779de749d36f8fcc70b0bdd9ddbd1b4e47fb29577b8989b5,Paahi Gajanana Deenavana-Sheet-Music.pdf
Paahi Mahesha Hey Jagadeesha,Paahi Mahesha Hey Jagadeesha.pdf,sheets/Paahi Mahesha Hey Jagadeesha.pdf,1,True,378609,208447,44.94,optimized_lossless,True,visual identity verified,9adc20a9b67706079b4fb9fa532f32efdb206cfde32a68e1fc902e65355c096e,Paahi Mahesha Hey Jagadeesha.pdf
Paar Karo Uddhar Karo Prabhu Parthi Puri Bhagawan,Paar Karo Uddhar Karo Prabhu Parthi Puri Bhagawan.pdf,sheets/Paar Karo Uddhar Karo Prabhu Parthi Puri Bhagawan.pdf,1,True,352124,244016,30.7,optimized_lossless,True,visual identity verified,a42b14c05d44e5e83c477e82c6342195419a083bed21a8f0945c8ac8f36629c7,Paar Karo Uddhar Karo Prabhu Parthi Puri Bhagawan.pdf
Padmanabha Narayana,Padmanabha Narayana.pdf,sheets/Padmanabha Narayana.pdf,1,True,285246,152194,46.64,optimized_lossless,True,visual identity verified,6555a574802d1ca45e4ab69915f9a7b30f2230deb947923f0b53d8a7aa565615,Padmanabha Narayana.pdf
Pandari Nivasa Hey Panduranga,Pandari Nivasa Hey Panduranga.pdf,sheets/Pandari Nivasa Hey Panduranga.pdf,1,True,330089,230888,30.05,optimized_lossless,True,visual identity verified,3269bc3810d80e94671cd3c97dc921997621c3bb7e84c29f9250d9e6748f3c37,Pandari Nivasa Hey Panduranga.pdf
Pannaga Shayana Kali Avatara,Pannaga Shayana Kali Avatara.pdf,sheets/Pannaga Shayana Kali Avatara.pdf,1,True,374222,261967,30.0,optimized_lossless,True,visual identity verified,91abf752661bca00c14644517de338c3ce0e9e72bc26d39fbfbddd6d39d440d3,Pannaga Shayana Kali Avatara.pdf
Parama Dayalu Sai Ram (Hey),Parama Dayalu Sai Ram (Hey).pdf,sheets/Parama Dayalu Sai Ram (Hey).pdf,1,True,343922,241479,29.79,optimized_lossless,True,visual identity verified,a77fd260ed276a6a1f470be735af2443d6a0725e875c7894e1bf4f9d491fa3fa,Parama Dayalu Sai Ram (Hey).pdf
Paramananda Govinda Gopal Jai,Paramananda Govinda Gopal Jai.pdf,sheets/Paramananda Govinda Gopal Jai.pdf,2,True,433949,296400,31.7,optimized_lossless,True,visual identity verified,b595b45c6cfcb2fdaede3b3e2444b173c3f1892a6b216f4a7d6868f48d4bd1e3,Paramananda Govinda Gopal Jai.pdf
Partheeshwara Parameshwara,Partheeshwara Parameshwara.pdf,sheets/Partheeshwara Parameshwara.pdf,1,True,281062,148547,47.15,optimized_lossless,True,visual identity verified,9ecf53cd2f4373e976971229ef0d4ce32c61cdfa9dc69318a31b2a3bfd0d413e,Partheeshwara Parameshwara.pdf
Partheeshwara Sathya Sayeeshwara,Partheeshwara Sathya Sayeeshwara.pdf,sheets/Partheeshwara Sathya Sayeeshwara.pdf,2,True,404796,284068,29.82,optimized_lossless,True,visual identity verified,4123d5fcd3971568ab4f4637b0443e3a0c8eeb26d92bfc4325e747e64dc68e28,Partheeshwara Sathya Sayeeshwara.pdf
Partheeshwara Sri Sai Prabho,Partheeshwara Sri Sai Prabho.pdf,sheets/Partheeshwara Sri Sai Prabho.pdf,1,True,341971,239257,30.04,optimized_lossless,True,visual identity verified,461483b0cdb8f6ac9837e5784802815e8995c7c68e3f835a953d565812e84a36,Partheeshwara Sri Sai Prabho.pdf
Partheeshwari Jagat Janani,Partheeshwari Jagat Janani.pdf,sheets/Partheeshwari Jagat Janani.pdf,2,True,447502,225932,49.51,optimized_lossless,True,visual identity verified,883e29197ffa422b2412a76ed0b4bffe83ecf35ce5dd80dc0f7f0f8ae51fd616,Partheeshwari Jagat Janani.pdf
Parthi Puri Mey Janam Liya Jo Sai Baba Naam Hai,Parthi Puri Mey Janam Liya Jo Sai Baba Naam Hai.pdf,sheets/Parthi Puri Mey Janam Liya Jo Sai Baba Naam Hai.pdf,1,True,333527,224632,32.65,optimized_lossless,True,visual identity verified,1a6f3c0ad6eecabf992736ca54a946162cdc4de60de7157dd2d25792ec0a9f49,Parthi Puri Mey Janam Liya Jo Sai Baba Naam Hai.pdf
Parthi Vihara Paapa Vidhura,Parthi Vihara Paapa Vidhura.pdf,sheets/Parthi Vihara Paapa Vidhura.pdf,1,True,358746,249222,30.53,optimized_lossless,True,visual identity verified,ac8b2607213b85a2a8482cef215b5c0eb631fa341587c9272682464f65b1a157,Parthi Vihara Paapa Vidhura.pdf
Parvathi Nandana Gajanana,Parvathi Nandana Gajanana.pdf,sheets/Parvathi Nandana Gajanana.pdf,1,True,271478,142325,47.57,optimized_lossless,True,visual identity verified,7d782c99da600714f4a1e2b9f30244ed76f862cfd62225e615f86328bf2d7228,Parvathi Nandana Gajanana.pdf
Pashupathi Tanaya Bala Gajanana,Pashupathi Tanaya Bala Gajanana.pdf,sheets/Pashupathi Tanaya Bala Gajanana.pdf,1,True,304690,163371,46.38,optimized_lossless,True,visual identity verified,3bf68f201906e520483c7869ccc78cfcb6268a8eb9524d5fefa04009cb7889dc,Pashupathi Tanaya Bala Gajanana.pdf
Patitha Pavana Ram,Patitha Pavana Ram.pdf,sheets/Patitha Pavana Ram.pdf,2,True,537193,271377,49.48,optimized_lossless,True,visual identity verified,03f4a6411eda9fbb433d1463361313ed1ee75e8bfb9d75a818b259759120d875,Patitha Pavana Ram.pdf
Pavana Sutha Hanuman Ki Jai,Pavana Sutha Hanuman Ki Jai.pdf,sheets/Pavana Sutha Hanuman Ki Jai.pdf,1,True,404159,190731,52.81,optimized_lossless,True,visual identity verified,d5b82ed554cae8fb1660f6059bab1fbe96314301df96b3311fb6ae848acde3a9,Pavana Sutha Hanuman Ki Jai.pdf
Poorna Brahma Avatara Sai,Poorna Brahma Avatara Sai.pdf,sheets/Poorna Brahma Avatara Sai.pdf,1,True,338986,237075,30.06,optimized_lossless,True,visual identity verified,4d3b4bdb761da70c689eceaee13e17587a753fcc63b58d80ac3f7b9e59c98fc1,Poorna Brahma Avatara Sai.pdf
Prabhu Ramachandra Ke Dootha Hanumantha Anjaneya,Prabhu Ramachandra Ke Dootha Hanumantha Anjaneya.pdf,sheets/Prabhu Ramachandra Ke Dootha Hanumantha Anjaneya.pdf,1,True,310879,164177,47.19,optimized_lossless,True,visual identity verified,e04452406dd9387b015f2e55cc3899040cddc4ac2f276ba33593840adc3916af,Prabhu Ramachandra Ke Dootha Hanumantha Anjaneya.pdf
Pranam Sweekar Karo Sai Mahadeva,Pranam Sweekar Karo Sai Mahadeva.pdf,sheets/Pranam Sweekar Karo Sai Mahadeva.pdf,2,True,453047,313016,30.91,optimized_lossless,True,visual identity verified,53715be1abca4ae60f679b4a4578690927b5d2fd990412119cab9c6df983662a,Pranam Sweekar Karo Sai Mahadeva.pdf
Pranamami Sri Durge Sai Narayani,Pranamami Sri Durge Sai Narayani.pdf,sheets/Pranamami Sri Durge Sai Narayani.pdf,1,True,358825,187722,47.68,optimized_lossless,True,visual identity verified,dd8d04f2c75c0ef90e8fc4115ca3d923224c2a8d7896abec62d36355686bfc32,Pranamami Sri Durge Sai Narayani.pdf
Pranava Swaroopa Hari Om Sai,Pranava Swaroopa Hari Om Sai.pdf,sheets/Pranava Swaroopa Hari Om Sai.pdf,1,True,332905,231932,30.33,optimized_lossless,True,visual identity verified,9699d41f4a6c13c53d88e476c589d19eb9d36d2752160857200e60f93dfeda3d,Pranava Swaroopa Hari Om Sai.pdf
Prashanthi Nilaya Ram Hey Parthi Puri Bhagawan,Prashanthi Nilaya Ram Hey Parthi Puri Bhagawan.pdf,sheets/Prashanthi Nilaya Ram Hey Parthi Puri Bhagawan.pdf,1,True,336824,230666,31.52,optimized_lossless,True,visual identity verified,e598396da1e3ab07ea8282ef078ab99a1bf7f4f193e9c1fbfc6d944c44619285,Prashanthi Nilaya Ram Hey Parthi Puri Bhagawan.pdf
Prathah Smaranam Sri Guru Charanam,Prathah Smaranam Sri Guru Charanam.pdf,sheets/Prathah Smaranam Sri Guru Charanam.pdf,1,True,293080,202605,30.87,optimized_lossless,True,visual identity verified,306df26b1be36c16ec69e4195798c96aa078ab66c882f9e04d3bd53d02fbeff9,Prathah Smaranam Sri Guru Charanam.pdf
Prathama Vandana Gowri Nandana,Prathama Vandana Gowri Nandana.pdf,sheets/Prathama Vandana Gowri Nandana.pdf,1,True,313698,167588,46.58,optimized_lossless,True,visual identity verified,e6b3223959c695e34fe3580660c568cb170d494755a1e384822f6b1e3380393b,Prathama Vandana Gowri Nandana.pdf
Prem Bhakthi Jagao Man Mey,Prem Bhakthi Jagao Man Mey.pdf,sheets/Prem Bhakthi Jagao Man Mey.pdf,1,True,276068,194002,29.73,optimized_lossless,True,visual identity verified,6dd4e61ad82ddf921e7ee86204c0191047f625d13d7b7956bc20ae6323b50f0d,Prem Bhakthi Jagao Man Mey.pdf
Prem Eshwar Hai Eshwar Prem Hai,Prem Eshwar Hai Eshwar Prem Hai.pdf,sheets/Prem Eshwar Hai Eshwar Prem Hai.pdf,2,True,387740,265774,31.46,optimized_lossless,True,visual identity verified,4363f9846e5beb0d2adef3a30d356069f30041c1488f16bfadc6feb68912d35f,Prem Eshwar Hai Eshwar Prem Hai.pdf
Prem Se Bolo Ek Baar Sai Ram,Prem Se Bolo Ek Baar Sai Ram.pdf,sheets/Prem Se Bolo Ek Baar Sai Ram.pdf,2,True,443432,307211,30.72,optimized_lossless,True,visual identity verified,c4c6247246c0dc94852ab468c69fff93c6d0cd27788973e7222c6f3a8ba192d3,Prem Se Bolo Ek Baar Sai Ram.pdf
Prem Se Gao Mangala Naam,Prem Se Gao Mangala Naam.pdf,sheets/Prem Se Gao Mangala Naam.pdf,2,True,525489,368325,29.91,optimized_lossless,True,visual identity verified,f2952a955869324d4b7ef65d7ffcd8a0e7ed31bcfa9d422ec3dffb24eda5538b,Prem Se Gao Mangala Naam.pdf
Prem Se Gao Pavana Naam,Prem Se Gao Pavana Naam.pdf,sheets/Prem Se Gao Pavana Naam.pdf,1,True,403939,217640,46.12,optimized_lossless,True,visual identity verified,41199723e9aef23a01651a352a322bd2d17d90b6a5eab59d0bd42e331281d22c,Prem Se Gao Pavana Naam.pdf
Prema Muditha Man Se Kaho (Rama Rama Ram) x3 Sri Rama Rama Ram,Prema Muditha Man Se Kaho (Rama Rama Ram) x3 Sri Rama Rama Ram.pdf,sheets/Prema Muditha Man Se Kaho (Rama Rama Ram) x3 Sri Rama Rama Ram.pdf,3,True,787299,365785,53.54,optimized_lossless,True,visual identity verified,2af5773b3ada67c1add93900da10a08b3c5c63fb0997bce027db4a569517849a,Prema Muditha Man Se Kaho (Rama Rama Ram) x3 Sri Rama Rama Ram.pdf
Prema Swaroopini Janani Ma,Prema Swaroopini Janani Ma.pdf,sheets/Prema Swaroopini Janani Ma.pdf,1,True,307267,163123,46.91,optimized_lossless,True,visual identity verified,cc8a778431885e1a8f8dd558954f80b4b5c992b619aaca2fd0d4fdcbf536e7fb,Prema Swaroopini Janani Ma.pdf
Premamayi Sai Ma Gnanamayi Sai Ma,Premamayi Sai Ma Gnanamayi Sai Ma.pdf,sheets/Premamayi Sai Ma Gnanamayi Sai Ma.pdf,1,True,289652,150905,47.9,optimized_lossless,True,visual identity verified,ca6e890c59f7ba79a39d03076f56446e21a2196d225f447b8a54c41af12c2988,Premamayi Sai Ma Gnanamayi Sai Ma.pdf
Premamrutha Barsao Baba,Premamrutha Barsao Baba.pdf,sheets/Premamrutha Barsao Baba.pdf,2,True,421375,294849,30.03,optimized_lossless,True,visual identity verified,6115e285a3e6181565b9fbe17d24423c5ff0cb865b920959eb7cad050179bdd7,Premamrutha Barsao Baba.pdf
Punya Naam Pavitra Naam Rama Naam Sai Ram,Punya Naam Pavitra Naam Rama Naam Sai Ram.pdf,sheets/Punya Naam Pavitra Naam Rama Naam Sai Ram.pdf,2,True,460775,316382,31.34,optimized_lossless,True,visual identity verified,fcf4b121c4aa918df49baee1a233243eefe7ccd805a00dc7dda3dc5391cdc0d0,Punya Naam Pavitra Naam Rama Naam Sai Ram.pdf
Purandara Ranga Harey Vittala,Purandara Ranga Harey Vittala.pdf,sheets/Purandara Ranga Harey Vittala.pdf,1,True,320395,222523,30.55,optimized_lossless,True,visual identity verified,a535d7431a11e4601c8755fbb1384ad9be0a7a32ff0f4823951ea57d7eafbc8e,Purandara Ranga Harey Vittala.pdf
Pyaarey Nanda Lal Darshan Deejo,Pyaarey Nanda Lal Darshan Deejo.pdf,sheets/Pyaarey Nanda Lal Darshan Deejo.pdf,1,True,280810,197613,29.63,optimized_lossless,True,visual identity verified,8c5db49564ab19439c645b856229ce7a33d6754105a44d9884011f075a7c8281,Pyaarey Nanda Lal Darshan Deejo.pdf
Raasa Vilola Nandalala,Raasa Vilola Nandalala.pdf,sheets/Raasa Vilola Nandalala.pdf,1,True,313703,214639,31.58,optimized_lossless,True,visual identity verified,9d9f4465fa177a856b609be3f8c6c1a2f70faefb0a7030f589f75e6056e52c23,Raasa Vilola Nandalala.pdf
Radha Ke Natavara Lal Kanhaiya,Radha Ke Natavara Lal Kanhaiya.pdf,sheets/Radha Ke Natavara Lal Kanhaiya.pdf,1,True,311615,214516,31.16,optimized_lossless,True,visual identity verified,6e52468bf4b753d42bfee7f16d058ea3087e724902587e962391b5e40747a5f8,Radha Ke Natavara Lal Kanhaiya.pdf
Radha Krishna Karuna Lola Radhey Govinda,Radha Krishna Karuna Lola Radhey Govinda.pdf,sheets/Radha Krishna Karuna Lola Radhey Govinda.pdf,1,True,261164,180797,30.77,optimized_lossless,True,visual identity verified,64efb322e797dc9d9e711d3b8351100a5ec4f7afc4aad56f30ea607848e0988b,Radha Krishna Karuna Lola Radhey Govinda.pdf
Radha Lola Ramya Suchela,Radha Lola Ramya Suchela.pdf,sheets/Radha Lola Ramya Suchela.pdf,1,True,312013,218554,29.95,optimized_lossless,True,visual identity verified,3eb1c136e96c3df798c1fddd52fe54c402c694d92d52f00e4cd15fa348e7528d,Radha Lola Ramya Suchela.pdf
Radha Madhava Madana Gopala,Radha Madhava Madana Gopala.pdf,sheets/Radha Madhava Madana Gopala.pdf,1,True,262133,182906,30.22,optimized_lossless,True,visual identity verified,c67e3869d0f82c15edd1f71ce930d56a751630be18dc454574a1244ad66535fe,Radha Madhava Madana Gopala.pdf
Radha Pyaarey Jaya Gopal,Radha Pyaarey Jaya Gopal.pdf,sheets/Radha Pyaarey Jaya Gopal.pdf,1,True,353556,244298,30.9,optimized_lossless,True,visual identity verified,2dc207db102c552d0d71763c0f60a767af9963d717e1fb1c80b81b440e116334,Radha Pyaarey Jaya Gopal.pdf
Radha Radha Radha Krishna Radha,Radha Radha Radha Krishna Radha.pdf,sheets/Radha Radha Radha Krishna Radha.pdf,1,True,193747,135084,30.28,optimized_lossless,True,visual identity verified,3aa47183219c13bf19ff825e7c08c3cafba2d3e8d096f72ee35b6f3c7a989694,Radha Radha Radha Krishna Radha.pdf
Radhey Govinda Gopala Jaya Govinda Radhey Gopala,Radhey Govinda Gopala Jaya Govinda Radhey Gopala.pdf,sheets/Radhey Govinda Gopala Jaya Govinda Radhey Gopala.pdf,2,True,385384,266153,30.94,optimized_lossless,True,visual identity verified,f206f77bb50770e195ac5223777e6f8779feb951a6f0ce007d10a3dc17cd6e19,Radhey Govinda Gopala Jaya Govinda Radhey Gopala.pdf
Radhey Govinda Jai Jai Radhey Gopala,Radhey Govinda Jai Jai Radhey Gopala.pdf,sheets/Radhey Govinda Jai Jai Radhey Gopala.pdf,1,True,314832,215957,31.41,optimized_lossless,True,visual identity verified,78ea9fdb5c5f4287b33cedc62d335802432bccd38ae288049db625c263bfbe89,Radhey Govinda Jai Jai Radhey Gopala.pdf
Radhey Govinda Krishna Murari,Radhey Govinda Krishna Murari.pdf,sheets/Radhey Govinda Krishna Murari.pdf,2,True,379353,263883,30.44,optimized_lossless,True,visual identity verified,2a304c0735a5e0231ac63f3daa271f26747d80581d81c7cba0175130427931d4,Radhey Govinda Krishna Murari.pdf
Radhey Govinda Radhey Gopala Sai Ram,Radhey Govinda Radhey Gopala Sai Ram.pdf,sheets/Radhey Govinda Radhey Gopala Sai Ram.pdf,1,True,302733,210642,30.42,optimized_lossless,True,visual identity verified,8b98fd536bafc204d4c8954d27e4073d546e8f060f077856c1d06718d3417987,Radhey Govinda Radhey Gopala Sai Ram.pdf
Radhey Krishna Radhey Krishna Jai Sri Krishna Radhey Radhey (2),Radhey Krishna Radhey Krishna Jai Sri Krishna Radhey Radhey (2).pdf,sheets/Radhey Krishna Radhey Krishna Jai Sri Krishna Radhey Radhey (2).pdf,2,True,460315,314911,31.59,optimized_lossless,True,visual identity verified,ca54f6d46830a3f601664dbc97428599aed2d1aff04a507e16e5cab4696f84e5,Radhey Krishna Radhey Krishna Jai Sri Krishna Radhey Radhey (2).pdf
Radhey Mukunda Murari Govinda,Radhey Mukunda Murari Govinda.pdf,sheets/Radhey Mukunda Murari Govinda.pdf,1,True,344442,237505,31.05,optimized_lossless,True,visual identity verified,a1e36e71adabd520bc904af2eb01ab41b97f4dd78e407b4ead66f9ede960fe27,Radhey Mukunda Murari Govinda.pdf
Radhey Radhey Brindavana Radhey,Radhey Radhey Brindavana Radhey.pdf,sheets/Radhey Radhey Brindavana Radhey.pdf,1,True,270706,189864,29.86,optimized_lossless,True,visual identity verified,0c86929f743b4a568f0fc2744597a06f59e82475d6bd08ea66436ca504b72978,Radhey Radhey Brindavana Radhey.pdf
Radhey Radhey Govinda Gopala Radhey (4),Radhey Radhey Govinda Gopala Radhey (4).pdf,sheets/Radhey Radhey Govinda Gopala Radhey (4).pdf,1,True,235824,162768,30.98,optimized_lossless,True,visual identity verified,8e5b2d8d3387c447e66760513048c40efb0b85badba0752eb2ab9966ae6fe62c,Radhey Radhey Govinda Gopala Radhey (4).pdf
Radhey Radhey Radhey Radhey Radhey Govinda,Radhey Radhey Radhey Radhey Radhey Govinda.pdf,sheets/Radhey Radhey Radhey Radhey Radhey Govinda.pdf,1,True,361050,251429,30.36,optimized_lossless,True,visual identity verified,0e7c64e2c2c7f4c20761a09bc55574e5da1a98d2148d5300844cb0a29bb46f37,Radhey Radhey Radhey Radhey Radhey Govinda.pdf
Radhey Shyam Radhey Shyam Radhey Gopala,Radhey Shyam Radhey Shyam Radhey Gopala.pdf,sheets/Radhey Shyam Radhey Shyam Radhey Gopala.pdf,2,True,415741,286735,31.03,optimized_lossless,True,visual identity verified,0fbdd64abf720e6464565d66ed4191bb99918616c9d3d2157c7118449f8f7025,Radhey Shyam Radhey Shyam Radhey Gopala.pdf
Radhey Shyama Gopala Radhika Jeevana Sri Ranga,Radhey Shyama Gopala Radhika Jeevana Sri Ranga.pdf,sheets/Radhey Shyama Gopala Radhika Jeevana Sri Ranga.pdf,1,True,343530,239179,30.38,optimized_lossless,True,visual identity verified,3bccee2d68720425d643af6cc323238b8762ddd82ce569509d1f47a160c76aac,Radhey Shyama Gopala Radhika Jeevana Sri Ranga.pdf
Radhey Shyama Hey Ghana Shyama,Radhey Shyama Hey Ghana Shyama.pdf,sheets/Radhey Shyama Hey Ghana Shyama.pdf,2,True,399415,276432,30.79,optimized_lossless,True,visual identity verified,e2a171047d2dbd25f4dc9f9141c390e9a9a2e2e2bd14688b7298bd26fcdab788,Radhey Shyama Hey Ghana Shyama.pdf
Radhika Jeevana,Radhika Jeevana.pdf,sheets/Radhika Jeevana.pdf,2,True,413184,285630,30.87,optimized_lossless,True,visual identity verified,997380369ddbc146b9911b1e9b12a50541749d217c49c798c2db962cbf860b1a,Radhika Jeevana.pdf
Raghava Raghu Nandana,Raghava Raghu Nandana.pdf,sheets/Raghava Raghu Nandana.pdf,1,True,398409,211363,46.95,optimized_lossless,True,visual identity verified,1b38caf324ae36311df3c4239830359158be0c3e4e559878250b6019cc6ece62,Raghava Raghu Nandana.pdf
Raghava Sundara Rama Raghuvara,Raghava Sundara Rama Raghuvara.pdf,sheets/Raghava Sundara Rama Raghuvara.pdf,1,True,431981,234300,45.76,optimized_lossless,True,visual identity verified,4c3239fce252b9efdf68f720967477c04332d4c0bfe9f6ab84bdcaa855b34ba9,Raghava Sundara Rama Raghuvara.pdf
Raghu Nandana Hey Raghu Nandana (2),Raghu Nandana Hey Raghu Nandana (2).pdf,sheets/Raghu Nandana Hey Raghu Nandana (2).pdf,2,True,487912,248838,49.0,optimized_lossless,True,visual identity verified,e3097e568ce2e0d72428ee2ede1fd3722147588a401f4845bb9220a95f58f8e4,Raghu Nandana Hey Raghu Nandana (2).pdf
Raghu Nandana Raghava Ram Harey,Raghu Nandana Raghava Ram Harey.pdf,sheets/Raghu Nandana Raghava Ram Harey.pdf,2,True,590787,299391,49.32,optimized_lossless,True,visual identity verified,b40755d184f4a65d671bfc992ac7c753aa41acf35b4185ac9434e3040720a005,Raghu Nandana Raghava Ram Harey.pdf
Raghukula Bhooshana Rajeeva Nayana,Raghukula Bhooshana Rajeeva Nayana.pdf,sheets/Raghukula Bhooshana Rajeeva Nayana.pdf,1,True,446699,244076,45.36,optimized_lossless,True,visual identity verified,13c39b209bdf450678396896ffb4da052963870012ff980d0a8a8628f0a56a7f,Raghukula Bhooshana Rajeeva Nayana.pdf
Raghupathey Raghava Raja Rama,Raghupathey Raghava Raja Rama.pdf,sheets/Raghupathey Raghava Raja Rama.pdf,2,True,594642,303787,48.91,optimized_lossless,True,visual identity verified,9c386a8625057a78e9f937936e894a7cd47453c1d3f024af2e32ceb64a5878fb,Raghupathey Raghava Raja Rama.pdf
Raghupathey Sri Rama Chandra Raghava Daya Nidhey (2),Raghupathey Sri Rama Chandra Raghava Daya Nidhey (2).pdf,sheets/Raghupathey Sri Rama Chandra Raghava Daya Nidhey (2).pdf,2,True,479363,245779,48.73,optimized_lossless,True,visual identity verified,372d1f59326b05a26d69b401c89f5da3f02c12ce63de30bcfd8286ef2ad24f4a,Raghupathey Sri Rama Chandra Raghava Daya Nidhey (2).pdf
Raghupathi Raghava Raja Ram,Raghupathi Raghava Raja Ram.pdf,sheets/Raghupathi Raghava Raja Ram.pdf,2,True,445521,224740,49.56,optimized_lossless,True,visual identity verified,b71a4ca0aa2c01131108ae932a7b52b62268fb88e4275b095519374f75a11ff1,Raghupathi Raghava Raja Ram.pdf
Raghuveera Ranadheera Rama Rama Ram,Raghuveera Ranadheera Rama Rama Ram.pdf,sheets/Raghuveera Ranadheera Rama Rama Ram.pdf,1,True,321640,170022,47.14,optimized_lossless,True,visual identity verified,f4a135298d3960de6b764caef0430dbd4672c3e798faa81b4238db6342d6a895,Raghuveera Ranadheera Rama Rama Ram.pdf
Rahiman Rahiman Ram Rahim,Rahiman Rahiman Ram Rahim.pdf,sheets/Rahiman Rahiman Ram Rahim.pdf,1,True,342801,231530,32.46,optimized_lossless,True,visual identity verified,e8eb76d745dbe03971ea155141e9e3a3ca0508d54414e28342d8c09cfa043053,Rahiman Rahiman Ram Rahim.pdf
Raja Rajeshwari Jaganmohini (Amba),Raja Rajeshwari Jaganmohini (Amba).pdf,sheets/Raja Rajeshwari Jaganmohini (Amba).pdf,1,True,356098,188368,47.1,optimized_lossless,True,visual identity verified,9581b73ef2575d992ed89664894fa51ba92e4f1f7c5bb4fbc9b1c5e4e6f95572,Raja Rajeshwari Jaganmohini (Amba).pdf
Rajeeva Lochana Jaya Jaya Rama,Rajeeva Lochana Jaya Jaya Rama.pdf,sheets/Rajeeva Lochana Jaya Jaya Rama.pdf,1,True,320189,173031,45.96,optimized_lossless,True,visual identity verified,a368eaa28d6b99599c177dde03064c61243793a64a7d5b9d0af63e86a6fe1818,Rajeeva Lochana Jaya Jaya Rama.pdf
Rajeeva Lochana Sai Narayana,Rajeeva Lochana Sai Narayana.pdf,sheets/Rajeeva Lochana Sai Narayana.pdf,1,True,422389,233885,44.63,optimized_lossless,True,visual identity verified,2a95070266946671973cfcb00def302e5ae854421533c4277298ccf23acdd4b8,Rajeeva Lochana Sai Narayana.pdf
Raksha Karo Bhagawan Sathya Sai Bhagawan,Raksha Karo Bhagawan Sathya Sai Bhagawan.pdf,sheets/Raksha Karo Bhagawan Sathya Sai Bhagawan.pdf,2,True,492675,338831,31.23,optimized_lossless,True,visual identity verified,d1923f228f9b4c5540cf137e8e8f4143dcd9e7da144365839d51e4ab9dec40d1,Raksha Karo Bhagawan Sathya Sai Bhagawan.pdf
Raksha Raksha Jagadeeshwara,Raksha Raksha Jagadeeshwara.pdf,sheets/Raksha Raksha Jagadeeshwara.pdf,1,True,311969,161597,48.2,optimized_lossless,True,visual identity verified,b039fab19effd7b6bc2564bbcc41a75410542a9a927120ffee97ecf6e0055a76,Raksha Raksha Jagadeeshwara.pdf
Ram Kaho Krishna Kaho Eshwara Allah Sai Kaho,Ram Kaho Krishna Kaho Eshwara Allah Sai Kaho.pdf,sheets/Ram Kaho Krishna Kaho Eshwara Allah Sai Kaho.pdf,2,True,410164,282749,31.06,optimized_lossless,True,visual identity verified,81fc1dc8f57a41b09060659d50efc6ba596638e2373a95ddefd15ba097dda540,Ram Kaho Krishna Kaho Eshwara Allah Sai Kaho.pdf
Ram Naam Bolo Sai Naam Bolo Sai Shyam Ghana Shyam Jai Bolo,Ram Naam Bolo Sai Naam Bolo Sai Shyam Ghana Shyam Jai Bolo.pdf,sheets/Ram Naam Bolo Sai Naam Bolo Sai Shyam Ghana Shyam Jai Bolo.pdf,1,True,233306,163771,29.8,optimized_lossless,True,visual identity verified,50c53c81fd2c0a12161ef9633d9c490f7dbc476a362d5440b4127b991cb4b22b,Ram Naam Bolo Sai Naam Bolo Sai Shyam Ghana Shyam Jai Bolo.pdf
Ram Rahim Ko Bhajanewaale Terey Poojari Baba,Ram Rahim Ko Bhajanewaale Terey Poojari Baba.pdf,sheets/Ram Rahim Ko Bhajanewaale Terey Poojari Baba.pdf,2,True,593033,405456,31.63,optimized_lossless,True,visual identity verified,0f64ec910507a4e77dcefd2fde97c21a3353b066e3ab0a78ae5a270a4fa4d79c,Ram Rahim Ko Bhajanewaale Terey Poojari Baba.pdf
Ram Ram Bhajo Mana Harey Harey,Ram Ram Bhajo Mana Harey Harey.pdf,sheets/Ram Ram Bhajo Mana Harey Harey.pdf,1,True,321451,221990,30.94,optimized_lossless,True,visual identity verified,4de144107550b1faf690a42dcedbe64160c2bde25467006fc859b802d7f84d79,Ram Ram Bhajo Mana Harey Harey.pdf
Ram Ram Ram Parama Sumangala Ram Ram Ram,Ram Ram Ram Parama Sumangala Ram Ram Ram.pdf,sheets/Ram Ram Ram Parama Sumangala Ram Ram Ram.pdf,1,True,234462,163596,30.22,optimized_lossless,True,visual identity verified,0663c6b8e38d67e4bfbca6b4887e9c78ca2e85d58e1ac388495e86fe8ad0ceec,Ram Ram Ram Parama Sumangala Ram Ram Ram.pdf
Rama Charan Sukha Dayi Bhajorey (3),Rama Charan Sukha Dayi Bhajorey (3).pdf,sheets/Rama Charan Sukha Dayi Bhajorey (3).pdf,1,True,368137,259250,29.58,optimized_lossless,True,visual identity verified,58445f0b046b8b6deea7f97e8c09d8aa180871524e31d858d5b164874b44ca69,Rama Charan Sukha Dayi Bhajorey (3).pdf
Rama Harey Hari Naam Bolo,Rama Harey Hari Naam Bolo.pdf,sheets/Rama Harey Hari Naam Bolo.pdf,2,True,433852,299754,30.91,optimized_lossless,True,visual identity verified,b71069a5f9ab47dc1f6c4ca28c512f333812b51810d8e2c685665fdc69b5d018,Rama Harey Hari Naam Bolo.pdf
Rama Harey Sai Krishna Harey Sarva Dharma Priya Sai Harey,Rama Harey Sai Krishna Harey Sarva Dharma Priya Sai Harey.pdf,sheets/Rama Harey Sai Krishna Harey Sarva Dharma Priya Sai Harey.pdf,2,True,419143,288977,31.06,optimized_lossless,True,visual identity verified,a04ee878c795d9855e31700247f89f5ee1076cd841a9a6a161867d3c11be11e9,Rama Harey Sai Krishna Harey Sarva Dharma Priya Sai Harey.pdf
Rama Harey Sita Ram,Rama Harey Sita Ram.pdf,sheets/Rama Harey Sita Ram.pdf,1,True,282678,152302,46.12,optimized_lossless,True,visual identity verified,a7ba4e5a4a33a7d4e61f7d659e0356b58c62a00c59df8de9510d75733f128548,Rama Harey Sita Ram.pdf
Rama Krishna Govinda Narayana,Rama Krishna Govinda Narayana.pdf,sheets/Rama Krishna Govinda Narayana.pdf,1,True,418729,221932,47.0,optimized_lossless,True,visual identity verified,2aff256734f1197a31fd5d95248804c9addffdbe00ec1dcd44f07ec213eafe4e,Rama Krishna Govinda Narayana.pdf
Rama Krishna Govinda Narayana Keshava,Rama Krishna Govinda Narayana Keshava.pdf,sheets/Rama Krishna Govinda Narayana Keshava.pdf,1,True,318815,224275,29.65,optimized_lossless,True,visual identity verified,985dcf331efc357d6cb351ec78380a8a8fbeaf1c1e2a1a7b7f06725fb558f4ff,Rama Krishna Govinda Narayana Keshava.pdf
Rama Krishna Hari Narayana,Rama Krishna Hari Narayana.pdf,sheets/Rama Krishna Hari Narayana.pdf,1,True,311517,164141,47.31,optimized_lossless,True,visual identity verified,1f0024ec7059b5a9bc17bcb6530bacc72e9b9389d3f8bb4c39f8e994b4349158,Rama Krishna Hari Narayana.pdf
Rama Krishna Tum Ho Jaya Ram Jaya Ram,Rama Krishna Tum Ho Jaya Ram Jaya Ram.pdf,sheets/Rama Krishna Tum Ho Jaya Ram Jaya Ram.pdf,1,True,328960,227822,30.74,optimized_lossless,True,visual identity verified,47b4aee17e934375a097c0c9042dc1bdd910dee350245dabd647e42a26afc481,Rama Krishna Tum Ho Jaya Ram Jaya Ram.pdf
Rama Krishna Vasudeva Narayana Hari Hari,Rama Krishna Vasudeva Narayana Hari Hari.pdf,sheets/Rama Krishna Vasudeva Narayana Hari Hari.pdf,1,True,301864,206269,31.67,optimized_lossless,True,visual identity verified,5c2747ae77183cc05e27c5d961640953d5164f8d05a6b68a17e1d63652e61bf9,Rama Krishna Vasudeva Narayana Hari Hari.pdf
Rama Lakshmana Janaki Jai Bolo Hanuman Ki,Rama Lakshmana Janaki Jai Bolo Hanuman Ki.pdf,sheets/Rama Lakshmana Janaki Jai Bolo Hanuman Ki.pdf,2,True,459625,220900,51.94,optimized_lossless,True,visual identity verified,46169c5026cb4875d2269ec318d0c0ebb5fadd8a65e9b0c1e1d7067782387c76,Rama Lakshmana Janaki Jai Bolo Hanuman Ki.pdf
Rama Lakshmana Janaki Jai Bolo-Sheet-Music,Rama Lakshmana Janaki Jai Bolo-Sheet-Music.pdf,sheets/Rama Lakshmana Janaki Jai Bolo-Sheet-Music.pdf,2,True,459625,220900,51.94,optimized_lossless,True,visual identity verified,46169c5026cb4875d2269ec318d0c0ebb5fadd8a65e9b0c1e1d7067782387c76,Rama Lakshmana Janaki Jai Bolo-Sheet-Music.pdf
Rama Raghuvara Rama Sita Rama Rama Ram,Rama Raghuvara Rama Sita Rama Rama Ram.pdf,sheets/Rama Raghuvara Rama Sita Rama Rama Ram.pdf,2,True,432627,293178,32.23,optimized_lossless,True,visual identity verified,9e95f259c17ceabfa8b1026d66695adbc7ef16b5fba2696e4f4b07b4aabf4fc6,Rama Raghuvara Rama Sita Rama Rama Ram.pdf
Rama Rama Jaya Raghukula Tilaka,Rama Rama Jaya Raghukula Tilaka.pdf,sheets/Rama Rama Jaya Raghukula Tilaka.pdf,1,True,345109,185072,46.37,optimized_lossless,True,visual identity verified,cf0668a92351d785360cf47dafcc886a3c8c05a717874898ef51f781daa50f9d,Rama Rama Jaya Raghukula Tilaka.pdf
Rama Rama Jaya Raja Ram Rama Rama Jaya Sita Ram (4),Rama Rama Jaya Raja Ram Rama Rama Jaya Sita Ram (4).pdf,sheets/Rama Rama Jaya Raja Ram Rama Rama Jaya Sita Ram (4).pdf,1,True,387934,178940,53.87,optimized_lossless,True,visual identity verified,d4ddab6b06e6d47e4df09e23ddce79aa45f8c5666daf8961cfece0f86e4d336e,Rama Rama Jaya Raja Ram Rama Rama Jaya Sita Ram (4).pdf
Rama Rama Rama Sai Rama Namo,Rama Rama Rama Sai Rama Namo.pdf,sheets/Rama Rama Rama Sai Rama Namo.pdf,2,True,440591,294747,33.1,optimized_lossless,True,visual identity verified,a7b60ed37ec33e2a92168c8237dd94181aaa3932da368c2ff3ff90636e64e4fc,Rama Rama Rama Sai Rama Namo.pdf
Rama Rama Ravikula Soma,Rama Rama Ravikula Soma.pdf,sheets/Rama Rama Ravikula Soma.pdf,1,True,313505,161769,48.4,optimized_lossless,True,visual identity verified,b8477534a3f8f0e9b7c575da2e5a9fe02c97de8d8a64e2214a0c649a07b350b3,Rama Rama Ravikula Soma.pdf
Rama Rama Sai Ram Sita Ram Radhey Shyam,Rama Rama Sai Ram Sita Ram Radhey Shyam.pdf,sheets/Rama Rama Sai Ram Sita Ram Radhey Shyam.pdf,2,True,477338,323473,32.23,optimized_lossless,True,visual identity verified,8c55e7feb8ed608bfb2ea6c0b4271ab07812bcfec1d753ebe9a48f780a605bb2,Rama Rama Sai Ram Sita Ram Radhey Shyam.pdf
Rama Sri Ramachandra Jaya Jaya Rama,Rama Sri Ramachandra Jaya Jaya Rama.pdf,sheets/Rama Sri Ramachandra Jaya Jaya Rama.pdf,2,True,411635,282151,31.46,optimized_lossless,True,visual identity verified,c958677c1a4c92a5471999e3bb639395654d11ae3386a7ec6531cdbe2a4e7be1,Rama Sri Ramachandra Jaya Jaya Rama.pdf
Rama Sumira Man Rama Sumira Man,Rama Sumira Man Rama Sumira Man.pdf,sheets/Rama Sumira Man Rama Sumira Man.pdf,2,True,574053,297264,48.22,optimized_lossless,True,visual identity verified,35adfe2abf24db5459eb50fb80a364a232dc076f5a2f40fa8224687fa14642e5,Rama Sumira Man Rama Sumira Man.pdf
Ramachandra Prabhu Raghu Vamsha Rama,Ramachandra Prabhu Raghu Vamsha Rama.pdf,sheets/Ramachandra Prabhu Raghu Vamsha Rama.pdf,1,True,514849,249909,51.46,optimized_lossless,True,visual identity verified,9345f2bdbf1da81d7b72c7c877b5515e95ed6e6f334a59f135d09a7956e251a3,Ramachandra Prabhu Raghu Vamsha Rama.pdf
Ramachandra Raghuveera Ramachandra Ranadheera,Ramachandra Raghuveera Ramachandra Ranadheera.pdf,sheets/Ramachandra Raghuveera Ramachandra Ranadheera.pdf,2,True,630189,327559,48.02,optimized_lossless,True,visual identity verified,e4c198bfe0f59c7c4c17f18f790d7c9ef8ba1bd81deecc5c0a394974d86a615e,Ramachandra Raghuveera Ramachandra Ranadheera.pdf
Ramachandra Sri Ram,Ramachandra Sri Ram.pdf,sheets/Ramachandra Sri Ram.pdf,1,True,291449,154384,47.03,optimized_lossless,True,visual identity verified,de4c92cb667b83a46cff53deda7f044746e216b3feae931319699c7dde7ab436,Ramachandra Sri Ram.pdf
Ramam Bhajo Raghu Ramam Bhajo,Ramam Bhajo Raghu Ramam Bhajo.pdf,sheets/Ramam Bhajo Raghu Ramam Bhajo.pdf,1,True,367726,192502,47.65,optimized_lossless,True,visual identity verified,c76aa1cdbfff91a2c54a2ac5986ba55e1d9b6bf935fb826c2867ee4681f70e3b,Ramam Bhajo Raghu Ramam Bhajo.pdf
Ravikula Mandana Rajeeva Lochana Raghava,Ravikula Mandana Rajeeva Lochana Raghava.pdf,sheets/Ravikula Mandana Rajeeva Lochana Raghava.pdf,1,True,398743,212191,46.79,optimized_lossless,True,visual identity verified,3cad25c0366b4b93ee6521e2cee15a0406e4a4ce028e0874871027c84590dedd,Ravikula Mandana Rajeeva Lochana Raghava.pdf
Sab Ka Malik Ek Hai Sai Tum Ho Bhagawan,Sab Ka Malik Ek Hai Sai Tum Ho Bhagawan.pdf,sheets/Sab Ka Malik Ek Hai Sai Tum Ho Bhagawan.pdf,2,True,374060,255231,31.77,optimized_lossless,True,visual identity verified,8da2551cce2cfe2bd2dd799ca1e4938497a3908eb66c5eb0ca87878f7f0106e9,Sab Ka Malik Ek Hai Sai Tum Ho Bhagawan.pdf
Sada Nirantara Hari Guna Gao,Sada Nirantara Hari Guna Gao.pdf,sheets/Sada Nirantara Hari Guna Gao.pdf,1,True,306070,213054,30.39,optimized_lossless,True,visual identity verified,7975ae3ed735a5015535c73a87c7d01d9ea52bbeec50caa27d0d63d3a4b749b3,Sada Nirantara Hari Guna Gao.pdf
Sadashiva Ranjani Sai Janani,Sadashiva Ranjani Sai Janani.pdf,sheets/Sadashiva Ranjani Sai Janani.pdf,2,True,398383,197299,50.48,optimized_lossless,True,visual identity verified,8e329325a5708374b1e9fa4cda87c3a137b300a7570b8645c329f119ed6a0d0e,Sadashiva Ranjani Sai Janani.pdf
Sadguru Brahma Sanathana Hey,Sadguru Brahma Sanathana Hey.pdf,sheets/Sadguru Brahma Sanathana Hey.pdf,2,True,600163,410011,31.68,optimized_lossless,True,visual identity verified,88f0388c327d8511882a81e6ac7bf2e7243c26b0cff3368324691e99233d8a13,Sadguru Brahma Sanathana Hey.pdf
Sadguru Dev Raaha Dikhao Prabhu,Sadguru Dev Raaha Dikhao Prabhu.pdf,sheets/Sadguru Dev Raaha Dikhao Prabhu.pdf,1,True,498535,342279,31.34,optimized_lossless,True,visual identity verified,b5fe8606ef89d89c1b0c66a6d01f04e023a0d248e23d318593be8fde48c27519,Sadguru Dev Raaha Dikhao Prabhu.pdf
Sadguru Sai Ram Jai Bolo Sadguru Sai Ram,Sadguru Sai Ram Jai Bolo Sadguru Sai Ram.pdf,sheets/Sadguru Sai Ram Jai Bolo Sadguru Sai Ram.pdf,2,True,539472,366415,32.08,optimized_lossless,True,visual identity verified,6ee95aaade46d2f79aa9d94c2b096563e98df8c66c0a1a55686b189c9b0eb5b2,Sadguru Sai Ram Jai Bolo Sadguru Sai Ram.pdf
Sadguru Sai Saraswathi,Sadguru Sai Saraswathi.pdf,sheets/Sadguru Sai Saraswathi.pdf,1,True,294694,203304,31.01,optimized_lossless,True,visual identity verified,561c0a8a4b28c05c874f8ded65be7f9a84e1f68cf196744597c5acab250db95a,Sadguru Sai Saraswathi.pdf
Sahara Do Bhagawan,Sahara Do Bhagawan.pdf,sheets/Sahara Do Bhagawan.pdf,2,True,428744,302257,29.5,optimized_lossless,True,visual identity verified,0ce1544cebd4f7d3b16006c19b93a71a6d67fe203f0f87ec1408572bb215ec17,Sahara Do Bhagawan.pdf
Sai (Baba) Sathya Palana,Sai (Baba) Sathya Palana.pdf,sheets/Sai (Baba) Sathya Palana.pdf,2,True,490508,339253,30.84,optimized_lossless,True,visual identity verified,8a98ce19b5b766a80b4916466b9b2247ed01f493987aa27a297759a4431db58d,Sai (Baba) Sathya Palana.pdf
Sai Avatara Yuga Avatara,Sai Avatara Yuga Avatara.pdf,sheets/Sai Avatara Yuga Avatara.pdf,2,True,479821,335424,30.09,optimized_lossless,True,visual identity verified,072fb953a8c8ef50c014e60a2cd5fa91c0db55dff67b0a830f511818953ebc2e,Sai Avatara Yuga Avatara.pdf
Sai Baba Geeta Sudha Madhuram  Anandam,Sai Baba Geeta Sudha Madhuram  Anandam.pdf,sheets/Sai Baba Geeta Sudha Madhuram  Anandam.pdf,1,True,351881,242727,31.02,optimized_lossless,True,visual identity verified,80b91b623ecb14fab05d1ec27cd9e36a311f9299d4f3d7487396c4e74bf2e8db,Sai Baba Geeta Sudha Madhuram  Anandam.pdf
Sai Baba Geeta Sudha Madhuram Madhuram Anandam (3),Sai Baba Geeta Sudha Madhuram Madhuram Anandam (3).pdf,sheets/Sai Baba Geeta Sudha Madhuram Madhuram Anandam (3).pdf,1,True,351881,242727,31.02,optimized_lossless,True,visual identity verified,80b91b623ecb14fab05d1ec27cd9e36a311f9299d4f3d7487396c4e74bf2e8db,Sai Baba Geeta Sudha Madhuram Madhuram Anandam (3).pdf
Sai Baba Pranam,Sai Baba Pranam.pdf,sheets/Sai Baba Pranam.pdf,1,True,342662,237439,30.71,optimized_lossless,True,visual identity verified,c97cd3f0d174f144f7fd053a89d402d30c807166ea19191705129d1adaa3bade,Sai Baba Pranam.pdf
Sai Baba Tera Naam Sathya Sai Baba Tera Naam,Sai Baba Tera Naam Sathya Sai Baba Tera Naam.pdf,sheets/Sai Baba Tera Naam Sathya Sai Baba Tera Naam.pdf,2,True,504360,347671,31.07,optimized_lossless,True,visual identity verified,8ffacc7227c975b49c3ef964aa5e1d429d04ae90ac7044bd8a0a52b92d7eab36,Sai Baba Tera Naam Sathya Sai Baba Tera Naam.pdf
Sai Charan Sukh Dayi Man,Sai Charan Sukh Dayi Man.pdf,sheets/Sai Charan Sukh Dayi Man.pdf,2,True,435627,306102,29.73,optimized_lossless,True,visual identity verified,d6481e016fdfec6a7e1802d5988db99f5c84801836200052b42f79269f5d6727,Sai Charan Sukh Dayi Man.pdf
Sai Ghana Shyam Sai Ghana Shyam,Sai Ghana Shyam Sai Ghana Shyam.pdf,sheets/Sai Ghana Shyam Sai Ghana Shyam.pdf,1,True,310228,214120,30.98,optimized_lossless,True,visual identity verified,d8930805aa1c0339dd6236b43d9ccaa87710b4249dee53d8deb89970494138fa,Sai Ghana Shyam Sai Ghana Shyam.pdf
Sai Hamara Hum Sai Ke Aisa Prem Hamara,Sai Hamara Hum Sai Ke Aisa Prem Hamara.pdf,sheets/Sai Hamara Hum Sai Ke Aisa Prem Hamara.pdf,2,True,604637,414331,31.47,optimized_lossless,True,visual identity verified,bc5c280500f43f8b9d1d447a8736d5dbe8635420934bd8e003a8a1fef65e0815,Sai Hamara Hum Sai Ke Aisa Prem Hamara.pdf
Sai Krishna Kunja Vihari,Sai Krishna Kunja Vihari.pdf,sheets/Sai Krishna Kunja Vihari.pdf,1,True,333697,229496,31.23,optimized_lossless,True,visual identity verified,99ad342a5b27c372f02682fb106168a64c2221e5733d6ec711430782ac5cc4be,Sai Krishna Kunja Vihari.pdf
Sai Mahadeva (Sathya),Sai Mahadeva (Sathya).pdf,sheets/Sai Mahadeva (Sathya).pdf,2,True,395267,278416,29.56,optimized_lossless,True,visual identity verified,524e6cdffa8818ae7719fa6ecb8981e9ffb688198e4e5e22aa9c9780dae74444,Sai Mahadeva (Sathya).pdf
Sai Mata Pitha Deena Bandhu Sakha,Sai Mata Pitha Deena Bandhu Sakha.pdf,sheets/Sai Mata Pitha Deena Bandhu Sakha.pdf,1,True,352099,246309,30.05,optimized_lossless,True,visual identity verified,f6ccd3b09c0aa4965963605d50128d50800a4ab4c3a78ed70ca44dca42a7f76b,Sai Mata Pitha Deena Bandhu Sakha.pdf
Sai Mera Tum Ho Sahara,Sai Mera Tum Ho Sahara.pdf,sheets/Sai Mera Tum Ho Sahara.pdf,1,True,347528,244364,29.69,optimized_lossless,True,visual identity verified,601b853ad8807ab990433c39482b8ac192d3997657e1399f05d08b1cc6ff0b73,Sai Mera Tum Ho Sahara.pdf
Sai Naam Bolo Govinda Naam Bolo,Sai Naam Bolo Govinda Naam Bolo.pdf,sheets/Sai Naam Bolo Govinda Naam Bolo.pdf,2,True,604792,417670,30.94,optimized_lossless,True,visual identity verified,ca713c1c63c6e3de64f27a13183289140d1cf9f0ed11ee5a4e32b8ce3d0928b7,Sai Naam Bolo Govinda Naam Bolo.pdf
Sai Naam Bolo Sathya Sai Naam Bolo,Sai Naam Bolo Sathya Sai Naam Bolo.pdf,sheets/Sai Naam Bolo Sathya Sai Naam Bolo.pdf,2,True,397629,275669,30.67,optimized_lossless,True,visual identity verified,d215f42492e0c51e000b25ebb24898ecebfc8278853ab7ad9c71fff7d3539444,Sai Naam Bolo Sathya Sai Naam Bolo.pdf
Sai Naama Keertana Kali Yuga Sadhana,Sai Naama Keertana Kali Yuga Sadhana.pdf,sheets/Sai Naama Keertana Kali Yuga Sadhana.pdf,1,True,374504,263133,29.74,optimized_lossless,True,visual identity verified,b0a6600e3628a26b67bbc4e4fe8c9161fa0794d641140e088503960bf9720014,Sai Naama Keertana Kali Yuga Sadhana.pdf
Sai Narayana Narayana,Sai Narayana Narayana.pdf,sheets/Sai Narayana Narayana.pdf,1,True,257499,134304,47.84,optimized_lossless,True,visual identity verified,6d7ea2381f18986f4285cfdfee8ea700874b9589a07e773e5ab5909dada3d93c,Sai Narayana Narayana.pdf
Sai Narayana Narayana Mangala Naam,Sai Narayana Narayana Mangala Naam.pdf,sheets/Sai Narayana Narayana Mangala Naam.pdf,2,True,385763,265856,31.08,optimized_lossless,True,visual identity verified,3b0c3a06c2eaa7ca77e498a06376758151c5a65ddb93b59c1bedbc30129c5be3,Sai Narayana Narayana Mangala Naam.pdf
Sai Narayana Sathya Narayana,Sai Narayana Sathya Narayana.pdf,sheets/Sai Narayana Sathya Narayana.pdf,1,True,333580,231347,30.65,optimized_lossless,True,visual identity verified,fd23133029dbd54490bc81eb81e19fa8f0296c26c39da1ec3612dede46914c22,Sai Narayana Sathya Narayana.pdf
Sai Natha Bhagawan Sai Natha Bhagawan,Sai Natha Bhagawan Sai Natha Bhagawan.pdf,sheets/Sai Natha Bhagawan Sai Natha Bhagawan.pdf,2,True,391969,270050,31.1,optimized_lossless,True,visual identity verified,677aa66d97c5bc682c0e0f960312a01faaa35c1bae50c95308cfddb7b930d45b,Sai Natha Bhagawan Sai Natha Bhagawan.pdf
Sai Natha Deena Natha Brahma Roopa Sadguru,Sai Natha Deena Natha Brahma Roopa Sadguru.pdf,sheets/Sai Natha Deena Natha Brahma Roopa Sadguru.pdf,2,True,517054,348447,32.61,optimized_lossless,True,visual identity verified,7812399df1174960948af3cb2e9737c4451eca4840b1e7f51f90aeee2297157a,Sai Natha Deena Natha Brahma Roopa Sadguru.pdf
Sai Om Sai Om Sai Om,Sai Om Sai Om Sai Om.pdf,sheets/Sai Om Sai Om Sai Om.pdf,1,True,373608,264598,29.18,optimized_lossless,True,visual identity verified,c4ad25dac21e188b9763ea6225bc0ac96f9cde7f80655fec66b3e310e42033ba,Sai Om Sai Om Sai Om.pdf
Sai Pitha Aur Mata Sai,Sai Pitha Aur Mata Sai.pdf,sheets/Sai Pitha Aur Mata Sai.pdf,1,True,329640,227869,30.87,optimized_lossless,True,visual identity verified,135524d8d561d74f3beafef833de39d2609ed94408d121e7d8820a7163735018,Sai Pitha Aur Mata Sai.pdf
Sai Prem Dey Shanthi Dey Ananda Dey Baba Prem Dey,Sai Prem Dey Shanthi Dey Ananda Dey Baba Prem Dey.pdf,sheets/Sai Prem Dey Shanthi Dey Ananda Dey Baba Prem Dey.pdf,2,True,485220,329405,32.11,optimized_lossless,True,visual identity verified,27043a5115bc613ee6e859b85919c958b64a650a87ef88d70153c3353df40663,Sai Prem Dey Shanthi Dey Ananda Dey Baba Prem Dey.pdf
Sai Ram Ghana Shyam Bhagawan Tumhara Naam,Sai Ram Ghana Shyam Bhagawan Tumhara Naam.pdf,sheets/Sai Ram Ghana Shyam Bhagawan Tumhara Naam.pdf,1,True,345719,241864,30.04,optimized_lossless,True,visual identity verified,54b99bf0537978814fde02622b0997ee36c77fd5fb186eb2ef46258985eb4d9f,Sai Ram Ghana Shyam Bhagawan Tumhara Naam.pdf
Sai Ram Sai Ram,Sai Ram Sai Ram.pdf,sheets/Sai Ram Sai Ram.pdf,1,True,348371,241488,30.68,optimized_lossless,True,visual identity verified,d004a4a56354e5416a6b5499c50ec1e19e1573bbee4fd7f5eaceba6cd8009c6b,Sai Ram Sai Ram.pdf
Sai Ram Sai Ram Gaaye Geet Sada Subah Aur Shyam,Sai Ram Sai Ram Gaaye Geet Sada Subah Aur Shyam.pdf,sheets/Sai Ram Sai Ram Gaaye Geet Sada Subah Aur Shyam.pdf,1,True,348371,241488,30.68,optimized_lossless,True,visual identity verified,4a97336bebb51c7734708efa93124752ea77eb51530ba0811e64c0c033ddc3a3,Sai Ram Sai Ram Gaaye Geet Sada Subah Aur Shyam.pdf
Sai Ram Sai Ram Sai Ram Bhajo,Sai Ram Sai Ram Sai Ram Bhajo.pdf,sheets/Sai Ram Sai Ram Sai Ram Bhajo.pdf,2,True,445816,302664,32.11,optimized_lossless,True,visual identity verified,6331c00cea82d47fa0ab69541e263cf2f093e5d2d71a247d622a5710b3f40cfd,Sai Ram Sai Ram Sai Ram Bhajo.pdf
Sai Ram Sai Shyam Merey Sai Ram,Sai Ram Sai Shyam Merey Sai Ram.pdf,sheets/Sai Ram Sai Shyam Merey Sai Ram.pdf,2,True,434847,299234,31.19,optimized_lossless,True,visual identity verified,5cc63e5419f732e3aec541657f9c85186b33551b6aaf241c0d05c8dc46f828e7,Sai Ram Sai Shyam Merey Sai Ram.pdf
Sai Rama Harey Sai Krishna Harey (3),Sai Rama Harey Sai Krishna Harey (3).pdf,sheets/Sai Rama Harey Sai Krishna Harey (3).pdf,1,True,426978,227893,46.63,optimized_lossless,True,visual identity verified,dee656c301cccae983774a488db113633488b2d74ee5dc4f654d47c6a40b2bba,Sai Rama Harey Sai Krishna Harey (3).pdf
Sai Sai Smarana Karo,Sai Sai Smarana Karo.pdf,sheets/Sai Sai Smarana Karo.pdf,1,True,255958,177054,30.83,optimized_lossless,True,visual identity verified,98d0164f7c742074f697aa484f06810019d051e21b1bdd9c207b1b3f68c9bc30,Sai Sai Smarana Karo.pdf
Sai Sundara Sundara,Sai Sundara Sundara.pdf,sheets/Sai Sundara Sundara.pdf,1,True,268757,186055,30.77,optimized_lossless,True,visual identity verified,788e44e16b55fe2ade11445026c25f040642b185436bb90184b676f860bac9ac,Sai Sundara Sundara.pdf
Sakshath Parabrahma Sai Guru Vandana Sathya Sai,Sakshath Parabrahma Sai Guru Vandana Sathya Sai.pdf,sheets/Sakshath Parabrahma Sai Guru Vandana Sathya Sai.pdf,1,True,306390,212689,30.58,optimized_lossless,True,visual identity verified,ce61da78de58683ae05d9ed49df2213a603f70d9a79708b6acf41f9bf7d5b746,Sakshath Parabrahma Sai Guru Vandana Sathya Sai.pdf
Samba Sadashiva Sayeeshwara,Samba Sadashiva Sayeeshwara.pdf,sheets/Samba Sadashiva Sayeeshwara.pdf,1,True,310104,172451,44.39,optimized_lossless,True,visual identity verified,79436787c1e967bcc01811dc1b06f896c07b65c2edd7d8a497fceb94450cc15c,Samba Sadashiva Sayeeshwara.pdf
Samba Vinodini Shiva Sai Shankari,Samba Vinodini Shiva Sai Shankari.pdf,sheets/Samba Vinodini Shiva Sai Shankari.pdf,1,True,292452,153768,47.42,optimized_lossless,True,visual identity verified,9c74ec76226956c8f8e960cbaf4378984d71031392a830eb57a69a01b7bf4205,Samba Vinodini Shiva Sai Shankari.pdf
Sanathana Sarathey Sayeesha,Sanathana Sarathey Sayeesha.pdf,sheets/Sanathana Sarathey Sayeesha.pdf,2,True,570548,391889,31.31,optimized_lossless,True,visual identity verified,a29ecd3b552c5d7dd378a45f205d557598f541d470f508e3c53bb3c0aaef6240,Sanathana Sarathey Sayeesha.pdf
Sankata Harana Sri Sai Ramana,Sankata Harana Sri Sai Ramana.pdf,sheets/Sankata Harana Sri Sai Ramana.pdf,1,True,302448,162943,46.13,optimized_lossless,True,visual identity verified,9edb04b70f666ff66b1b6f5e9b05da8443293abdb4cf4c990acb0a31ffb665c1,Sankata Harana Sri Sai Ramana.pdf
Sarva Dharma Priya Deva,Sarva Dharma Priya Deva.pdf,sheets/Sarva Dharma Priya Deva.pdf,1,True,322238,221522,31.26,optimized_lossless,True,visual identity verified,1d6d58cb26dd9b3f30cdee8383f41c04c4f72659547e35f03343a7b037d5b2fc,Sarva Dharma Priya Deva.pdf
Sarva Dharma Priya Sai Deva,Sarva Dharma Priya Sai Deva.pdf,sheets/Sarva Dharma Priya Sai Deva.pdf,1,True,344821,240341,30.3,optimized_lossless,True,visual identity verified,b43b8e69248982b75f0a5a5d52cfe81195bb94120180da1606922601cbfd475f,Sarva Dharma Priya Sai Deva.pdf
Sarva Dharma Swaroopa Sai,Sarva Dharma Swaroopa Sai.pdf,sheets/Sarva Dharma Swaroopa Sai.pdf,2,True,386934,266100,31.23,optimized_lossless,True,visual identity verified,a4b32c766e44ce741804059ead5637bbd14479e40cdb87528c2d1e03274c1fc1,Sarva Dharma Swaroopa Sai.pdf
Sarva Mangala Sai Janani,Sarva Mangala Sai Janani.pdf,sheets/Sarva Mangala Sai Janani.pdf,1,True,371793,195727,47.36,optimized_lossless,True,visual identity verified,d95948292d8322b238161f482595281d21fe7839bf5e2800f85c521105690270,Sarva Mangala Sai Janani.pdf
Sarva Naama Swaroopam Sai Baba,Sarva Naama Swaroopam Sai Baba.pdf,sheets/Sarva Naama Swaroopam Sai Baba.pdf,1,True,332983,231432,30.5,optimized_lossless,True,visual identity verified,dadcd53f2542e0813783df19dbc47ae7b1460e6d28cead676c006ba696259424,Sarva Naama Swaroopam Sai Baba.pdf
Sarvatra Govinda Naama Sankeertana Govinda Hari Govinda,Sarvatra Govinda Naama Sankeertana Govinda Hari Govinda.pdf,sheets/Sarvatra Govinda Naama Sankeertana Govinda Hari Govinda.pdf,2,True,462748,236994,48.79,optimized_lossless,True,visual identity verified,924aebe31daae262ca7d1f8f73bf791695a086345a3b0e93a28e1a069d45da6f,Sarvatra Govinda Naama Sankeertana Govinda Hari Govinda.pdf
Sathya Dharma Shanthi Prema Sab Ko Deejo,Sathya Dharma Shanthi Prema Sab Ko Deejo.pdf,sheets/Sathya Dharma Shanthi Prema Sab Ko Deejo.pdf,2,True,564388,381542,32.4,optimized_lossless,True,visual identity verified,0c5232a7b5a4170614b0d26951aa11a5e197a69914e0790a88d112e576a6f72a,Sathya Dharma Shanthi Prema Sab Ko Deejo.pdf
Sathya Dharma Shanthi Prema Swaroopa Prashanthi Nilaya Deva,Sathya Dharma Shanthi Prema Swaroopa Prashanthi Nilaya Deva.pdf,sheets/Sathya Dharma Shanthi Prema Swaroopa Prashanthi Nilaya Deva.pdf,2,True,393983,270915,31.24,optimized_lossless,True,visual identity verified,5a70dd9641e967ab10b43f1d5b00f8c1754e362355ee4586e5466e88d7665411,Sathya Dharma Shanthi Prema Swaroopa Prashanthi Nilaya Deva.pdf
Sathya Narayana Govinda Madhava Sai Narayana Govinda Keshava (3),Sathya Narayana Govinda Madhava Sai Narayana Govinda Keshava (3).pdf,sheets/Sathya Narayana Govinda Madhava Sai Narayana Govinda Keshava (3).pdf,2,True,439957,224788,48.91,optimized_lossless,True,visual identity verified,37a43e3ba9d61d51701f52dc5e28c77a8c4c3fc7e6b731905ea5e1330b6f9a25,Sathya Narayana Govinda Madhava Sai Narayana Govinda Keshava (3).pdf
Sathya Sai Padambujam Bhajorey Manasa Nirantharam,Sathya Sai Padambujam Bhajorey Manasa Nirantharam.pdf,sheets/Sathya Sai Padambujam Bhajorey Manasa Nirantharam.pdf,2,True,457896,314719,31.27,optimized_lossless,True,visual identity verified,46b9606261f6c75062656ef32a66d416fa7bec26b30cfda7563e62b5a486cef4,Sathya Sai Padambujam Bhajorey Manasa Nirantharam.pdf
Sathya Sai Smaranam Smaranam Parthi Sai Smaranam,Sathya Sai Smaranam Smaranam Parthi Sai Smaranam.pdf,sheets/Sathya Sai Smaranam Smaranam Parthi Sai Smaranam.pdf,1,True,357387,246865,30.93,optimized_lossless,True,visual identity verified,9531752f84f7582f7176c3e0913788f48cd6a7871c53f07500ad184e3ff27a11,Sathya Sai Smaranam Smaranam Parthi Sai Smaranam.pdf
Sathya Sanathana Nithya Niranjana Bhaktha Parayana Narayana,Sathya Sanathana Nithya Niranjana Bhaktha Parayana Narayana.pdf,sheets/Sathya Sanathana Nithya Niranjana Bhaktha Parayana Narayana.pdf,1,True,436025,228361,47.63,optimized_lossless,True,visual identity verified,13579283ce83115cf78264b5832e5047bdb546d67d1300ceca4d0fa26c73fdb5,Sathya Sanathana Nithya Niranjana Bhaktha Parayana Narayana.pdf
Sathya Swaroopini Ma Sai Prema Swaroopini Ma,Sathya Swaroopini Ma Sai Prema Swaroopini Ma.pdf,sheets/Sathya Swaroopini Ma Sai Prema Swaroopini Ma.pdf,2,True,549041,274112,50.07,optimized_lossless,True,visual identity verified,f9529fa668b74e8ee6c29c72b5597bd81a5876898ea2f8ee46f97449450e4b8a,Sathya Swaroopini Ma Sai Prema Swaroopini Ma.pdf
Sathyam Gnanam Anantham Brahma (3),Sathyam Gnanam Anantham Brahma (3).pdf,sheets/Sathyam Gnanam Anantham Brahma (3).pdf,1,True,313766,162215,48.3,optimized_lossless,True,visual identity verified,1627a74f50cdc59880c84082691eaca6a866fe81002fdfde914ece60a5754795,Sathyam Gnanam Anantham Brahma (3).pdf
Sayeeshwari Amba Jagadeeshwari,Sayeeshwari Amba Jagadeeshwari.pdf,sheets/Sayeeshwari Amba Jagadeeshwari.pdf,1,True,278611,145479,47.78,optimized_lossless,True,visual identity verified,43ba94eb5006d288a7667ccb681dbb691a23562d84764c50928fbb74dd5ccfb1,Sayeeshwari Amba Jagadeeshwari.pdf
Shaila Girishwara Uma Maheshwara Kashi Vishweshwara Sadashiva,Shaila Girishwara Uma Maheshwara Kashi Vishweshwara Sadashiva.pdf,sheets/Shaila Girishwara Uma Maheshwara Kashi Vishweshwara Sadashiva.pdf,1,True,253464,130600,48.47,optimized_lossless,True,visual identity verified,c590b9defbb1ca61a7cc782fd41e389d97dff9fc7a85cbcca40f95a887f882fe,Shaila Girishwara Uma Maheshwara Kashi Vishweshwara Sadashiva.pdf
Shambho Mahadeva,Shambho Mahadeva.pdf,sheets/Shambho Mahadeva.pdf,2,True,374829,257246,31.37,optimized_lossless,True,visual identity verified,695907de0221b85137f8a57476606f695c562f5524601ea8b900af25331b501e,Shambho Mahadeva.pdf
Shambho Mahadeva (3) (Shiva),Shambho Mahadeva (3) (Shiva).pdf,sheets/Shambho Mahadeva (3) (Shiva).pdf,2,True,374829,257246,31.37,optimized_lossless,True,visual identity verified,7b07f458eefb5715654a2d702b5eba9df4a6eff1bcbb6b1323e612cf2ec8eb6c,Shambho Mahadeva (3) (Shiva).pdf
Shambho Mahadeva Mallikarjuna,Shambho Mahadeva Mallikarjuna.pdf,sheets/Shambho Mahadeva Mallikarjuna.pdf,1,True,272356,191960,29.52,optimized_lossless,True,visual identity verified,a17b7966820ff8c8b0e292f1a24644c3d99f8e64572ac54082b37d22cdd47760,Shambho Mahadeva Mallikarjuna.pdf
Shambho Mahadeva Shiva Shambho Mahadeva,Shambho Mahadeva Shiva Shambho Mahadeva.pdf,sheets/Shambho Mahadeva Shiva Shambho Mahadeva.pdf,1,True,285380,199315,30.16,optimized_lossless,True,visual identity verified,afafe61deecf204a3b6b1a0fcc3f80912f90bd8b5d6e8fc1b6af40a09bef7d2a,Shambho Mahadeva Shiva Shambho Mahadeva.pdf
Shambho Mahadeva Shiva Shambho Mahadeva... Chandrakaladhara Gangadhara...,Shambho Mahadeva Shiva Shambho Mahadeva... Chandrakaladhara Gangadhara....pdf,sheets/Shambho Mahadeva Shiva Shambho Mahadeva... Chandrakaladhara Gangadhara....pdf,1,True,285380,199315,30.16,optimized_lossless,True,visual identity verified,afafe61deecf204a3b6b1a0fcc3f80912f90bd8b5d6e8fc1b6af40a09bef7d2a,Shambho Mahadeva Shiva Shambho Mahadeva... Chandrakaladhara Gangadhara....pdf
Shambho Murarey Shankara Murarey,Shambho Murarey Shankara Murarey.pdf,sheets/Shambho Murarey Shankara Murarey.pdf,1,True,283005,152213,46.22,optimized_lossless,True,visual identity verified,5a88f0232d72e7845632433d6d1f10e94169cd7ff14cb7b90219cc614cd9cffb,Shambho Murarey Shankara Murarey.pdf
Shambho Shankara Deva,Shambho Shankara Deva.pdf,sheets/Shambho Shankara Deva.pdf,2,True,454712,228796,49.68,optimized_lossless,True,visual identity verified,30c017500ba9c78cd631d60f2d09ba82b07b6308280c62b8e9a706006d44c728,Shambho Shankara Deva.pdf
Shambho Shankara Shiva Shambho Shankara,Shambho Shankara Shiva Shambho Shankara.pdf,sheets/Shambho Shankara Shiva Shambho Shankara.pdf,2,True,538775,271771,49.56,optimized_lossless,True,visual identity verified,bfe785909a7529b5fd9eb07ed3e5e4faef943c72e38fcc87b87b410cfc7ffb1d,Shambho Shankara Shiva Shambho Shankara.pdf
Shambho Shiva Shankara,Shambho Shiva Shankara.pdf,sheets/Shambho Shiva Shankara.pdf,1,True,270872,142276,47.47,optimized_lossless,True,visual identity verified,ec3201e38aadade2d6c4d2adfc9733d776c26b07f1271eab7cb782fbe63bfbb9,Shambho Shiva Shankara.pdf
Shambhu Kumara Gowri Tanaya,Shambhu Kumara Gowri Tanaya.pdf,sheets/Shambhu Kumara Gowri Tanaya.pdf,1,True,444236,212614,52.14,optimized_lossless,True,visual identity verified,7ff9fe904cdecbef1482e0f669ba5fc6ab4fabd4cc84d0ce44fcffdbf1bb75e3,Shambhu Kumara Gowri Tanaya.pdf
Shankara Naam Bhajo,Shankara Naam Bhajo.pdf,sheets/Shankara Naam Bhajo.pdf,1,True,310372,211571,31.83,optimized_lossless,True,visual identity verified,912b78223a3d2e4b2a8c08b84626eb577a3f9aaf0590200052b73ebaa8e8a3bc,Shankara Naam Bhajo.pdf
Shankara Sadashiva Chandrashekara,Shankara Sadashiva Chandrashekara.pdf,sheets/Shankara Sadashiva Chandrashekara.pdf,1,True,396407,209658,47.11,optimized_lossless,True,visual identity verified,70b206bfd06870744ea7bfb99110a205f0267509433969bcf86f5698fe9c1f74,Shankara Sadashiva Chandrashekara.pdf
Shankara Sadashiva Sabha Pathey Manohara,Shankara Sadashiva Sabha Pathey Manohara.pdf,sheets/Shankara Sadashiva Sabha Pathey Manohara.pdf,2,True,603372,306927,49.13,optimized_lossless,True,visual identity verified,f4c162f962f0baa673cf0652bfabf1f2b7ec5884d7dcb27b248f1be1e63c0ec4,Shankara Sadashiva Sabha Pathey Manohara.pdf
Shankara Shankara Sadashiva,Shankara Shankara Sadashiva.pdf,sheets/Shankara Shankara Sadashiva.pdf,1,True,260547,182264,30.05,optimized_lossless,True,visual identity verified,93a29dc8f212e24ee86410dc9ebbc01f823bd0ea3f95f5043d27f780b3c19e83,Shankara Shankara Sadashiva.pdf
Shankara Shankara Samba Sadashiva Shankara Shankara Shambho,Shankara Shankara Samba Sadashiva Shankara Shankara Shambho.pdf,sheets/Shankara Shankara Samba Sadashiva Shankara Shankara Shambho.pdf,2,True,431090,292937,32.05,optimized_lossless,True,visual identity verified,23c294710d39df12a43192edadc4777fd12f4ddcf74f91b41fcb88bc33bd9a79,Shankara Shankara Samba Sadashiva Shankara Shankara Shambho.pdf
Shankara Shankara Shankara Shankara Shambho Shankara,Shankara Shankara Shankara Shankara Shambho Shankara.pdf,sheets/Shankara Shankara Shankara Shankara Shambho Shankara.pdf,2,True,643470,302787,52.94,optimized_lossless,True,visual identity verified,b02d3a479738ea2469bbde3dab4d6643bc4c39edaef990af9e6677d0ee47c109,Shankara Shankara Shankara Shankara Shambho Shankara.pdf
Shankara Shiva Shankara Shiva Shankara Roopa,Shankara Shiva Shankara Shiva Shankara Roopa.pdf,sheets/Shankara Shiva Shankara Shiva Shankara Roopa.pdf,1,True,388213,180451,53.52,optimized_lossless,True,visual identity verified,ef2ff8a85afff24f08d92e42b45899767344e0868be1e4fdbd0f0177d8c476cc,Shankara Shiva Shankara Shiva Shankara Roopa.pdf
Shankara Shiva Shankara Shiva Shankara Roopa Maheshwara Sai,Shankara Shiva Shankara Shiva Shankara Roopa Maheshwara Sai.pdf,sheets/Shankara Shiva Shankara Shiva Shankara Roopa Maheshwara Sai.pdf,1,True,388213,180451,53.52,optimized_lossless,True,visual identity verified,ef2ff8a85afff24f08d92e42b45899767344e0868be1e4fdbd0f0177d8c476cc,Shankara Shiva Shankara Shiva Shankara Roopa Maheshwara Sai.pdf
Shankaram Bhajey Shankaram Bhajey,Shankaram Bhajey Shankaram Bhajey.pdf,sheets/Shankaram Bhajey Shankaram Bhajey.pdf,1,True,294268,199943,32.05,optimized_lossless,True,visual identity verified,6287ade945baf5c661d39f0b80f3d06c13c61de1bcdb4c21608da5af75db7881,Shankaram Bhajey Shankaram Bhajey.pdf
Shankari Bhaktha Vashankari Ma,Shankari Bhaktha Vashankari Ma.pdf,sheets/Shankari Bhaktha Vashankari Ma.pdf,2,True,582302,302681,48.02,optimized_lossless,True,visual identity verified,6ec3fc5a3036f5b74e0b6e3dfc0f8665ffcae609f10d486b47e4bda7c1430f68,Shankari Bhaktha Vashankari Ma.pdf
Shankha Chakra Peetambara Dhari Karuna Sagara Rama Murari,Shankha Chakra Peetambara Dhari Karuna Sagara Rama Murari.pdf,sheets/Shankha Chakra Peetambara Dhari Karuna Sagara Rama Murari.pdf,1,True,384968,199930,48.07,optimized_lossless,True,visual identity verified,68dee1251c4bdb2a784d1203b0feab53c57eead41167d05fa00b37ace551f1e6,Shankha Chakra Peetambara Dhari Karuna Sagara Rama Murari.pdf
Sharadey Jaya Sharadey Vaagvilasini Sharadey,Sharadey Jaya Sharadey Vaagvilasini Sharadey.pdf,sheets/Sharadey Jaya Sharadey Vaagvilasini Sharadey.pdf,1,True,361796,199065,44.98,optimized_lossless,True,visual identity verified,fb6f7e176bbdc598b7addfe82e0abcab55577bc1f9fd5ac1d9d9139e8dfa4111,Sharadey Jaya Sharadey Vaagvilasini Sharadey.pdf
Sharanam Sharanam Paahi Gajananam,Sharanam Sharanam Paahi Gajananam.pdf,sheets/Sharanam Sharanam Paahi Gajananam.pdf,1,True,367494,192341,47.66,optimized_lossless,True,visual identity verified,7e5e5107128daf0dd7fce9ff44bf2ab1b1130bfd171123efd8b3ebbbcd74652f,Sharanam Sharanam Paahi Gajananam.pdf
Shata Baar Kaho Rey Sai Ram Sai Ram Sai Ram Sai Ram,Shata Baar Kaho Rey Sai Ram Sai Ram Sai Ram Sai Ram.pdf,sheets/Shata Baar Kaho Rey Sai Ram Sai Ram Sai Ram Sai Ram.pdf,2,True,594804,408692,31.29,optimized_lossless,True,visual identity verified,09c491aa779f983f3b298a47230e9c74e8d49a5395c7078e4c0086091b00add4,Shata Baar Kaho Rey Sai Ram Sai Ram Sai Ram Sai Ram.pdf
"Sheetala Charanam Komala Charanam, Manjula Charanam Mama Guru Charanam","Sheetala Charanam Komala Charanam, Manjula Charanam Mama Guru Charanam.pdf","sheets/Sheetala Charanam Komala Charanam, Manjula Charanam Mama Guru Charanam.pdf",1,True,289763,199546,31.13,optimized_lossless,True,visual identity verified,119c98fa5ad937b753fef41ad8ae379670c92d30c8a1ca4a20688b813700a39f,"Sheetala Charanam Komala Charanam, Manjula Charanam Mama Guru Charanam.pdf"
Shesha Shaila Vasa Narayana,Shesha Shaila Vasa Narayana.pdf,sheets/Shesha Shaila Vasa Narayana.pdf,1,True,438053,238870,45.47,optimized_lossless,True,visual identity verified,2e50657e15eb56788e4899c0f364a03a75e0af2a061adcfea2f58c9c63fede45,Shesha Shaila Vasa Narayana.pdf
Shirdi Ke Sai Parthi Ke Baba,Shirdi Ke Sai Parthi Ke Baba.pdf,sheets/Shirdi Ke Sai Parthi Ke Baba.pdf,1,True,365354,252359,30.93,optimized_lossless,True,visual identity verified,07cd128eaa957cf734a729ce80965a264989e6fb4bff9cfa28f04197acd88979,Shirdi Ke Sai Parthi Ke Baba.pdf
Shirdi Mahadeva Deva Shirdi Mahadeva,Shirdi Mahadeva Deva Shirdi Mahadeva.pdf,sheets/Shirdi Mahadeva Deva Shirdi Mahadeva.pdf,2,True,457522,217859,52.38,optimized_lossless,True,visual identity verified,a4b9dd5f2f168fc05273ec0025c19037e0c126082583e6f9b885f16e6dbe10f7,Shirdi Mahadeva Deva Shirdi Mahadeva.pdf
Shirdi Nivasa Sai Shankara,Shirdi Nivasa Sai Shankara.pdf,sheets/Shirdi Nivasa Sai Shankara.pdf,2,True,562348,285025,49.32,optimized_lossless,True,visual identity verified,93ef1a20da0316d6c5a9fc6194a2c59aceced1032d64722d8f154d416504575c,Shirdi Nivasa Sai Shankara.pdf
Shirdi Sai Dwarakamayi Prashanthi Vasi Sai Ram,Shirdi Sai Dwarakamayi Prashanthi Vasi Sai Ram.pdf,sheets/Shirdi Sai Dwarakamayi Prashanthi Vasi Sai Ram.pdf,2,True,464753,316963,31.8,optimized_lossless,True,visual identity verified,3e2d4f5319cf55f2d3c3c63d0ff85cee5751cfcd6c8eb714adaba4b314de9aea,Shirdi Sai Dwarakamayi Prashanthi Vasi Sai Ram.pdf
Shirdi Sai Parthi Sai Hum Ko Deejo Premamrutha Dhara Premamrutha Dhara,Shirdi Sai Parthi Sai Hum Ko Deejo Premamrutha Dhara Premamrutha Dhara.pdf,sheets/Shirdi Sai Parthi Sai Hum Ko Deejo Premamrutha Dhara Premamrutha Dhara.pdf,2,True,398792,278829,30.08,optimized_lossless,True,visual identity verified,aad4a21d4d3f44f501bcccd09707170f3f727cf9527bae34488d79dbb93f2c07,Shirdi Sai Parthi Sai Hum Ko Deejo Premamrutha Dhara Premamrutha Dhara.pdf
Shirdi Sai Shankara Parthi Vihari Shankara,Shirdi Sai Shankara Parthi Vihari Shankara.pdf,sheets/Shirdi Sai Shankara Parthi Vihari Shankara.pdf,2,True,444641,222550,49.95,optimized_lossless,True,visual identity verified,f2de54f9502fbe8384103a56ede7c992af9df8ee8ccb7ff0eda04328241281f7,Shirdi Sai Shankara Parthi Vihari Shankara.pdf
Shiva Hara Hey Hara Shiva Hey,Shiva Hara Hey Hara Shiva Hey.pdf,sheets/Shiva Hara Hey Hara Shiva Hey.pdf,1,True,317684,174021,45.22,optimized_lossless,True,visual identity verified,c3d56fbcee4a3771ea86238b088d4d2c808769fcf0afbbf8191edb90054d55e8,Shiva Hara Hey Hara Shiva Hey.pdf
Shiva Maheshwara Shiva Maheshwara Shiva Maheshwara Sai Ram,Shiva Maheshwara Shiva Maheshwara Shiva Maheshwara Sai Ram.pdf,sheets/Shiva Maheshwara Shiva Maheshwara Shiva Maheshwara Sai Ram.pdf,2,True,534693,366471,31.46,optimized_lossless,True,visual identity verified,5f01fd1f7b1c629b45da45bff3bacb9350a443776f729b1aa33aa15398e95f7a,Shiva Maheshwara Shiva Maheshwara Shiva Maheshwara Sai Ram.pdf
Shiva Shambho Hara Hara Shambho,Shiva Shambho Hara Hara Shambho.pdf,sheets/Shiva Shambho Hara Hara Shambho.pdf,1,True,274821,144987,47.24,optimized_lossless,True,visual identity verified,3454b156f9e6ca7b207baf8790dcff2164609ba72772d0e3768fcdb902e6f854,Shiva Shambho Hara Hara Shambho.pdf
Shiva Shambho Narayana,Shiva Shambho Narayana.pdf,sheets/Shiva Shambho Narayana.pdf,1,True,333264,233047,30.07,optimized_lossless,True,visual identity verified,3060483ffd0e4f3ea13d0a91fec13eb3e2ffa5bf057d080c491688591123d294,Shiva Shambho Narayana.pdf
Shiva Shambho Shambho Shiva Shambho Mahadeva,Shiva Shambho Shambho Shiva Shambho Mahadeva.pdf,sheets/Shiva Shambho Shambho Shiva Shambho Mahadeva.pdf,1,True,295481,155211,47.47,optimized_lossless,True,visual identity verified,c47baf6544e1a434343ce45b2c308966d506661d45a7d321231fcdebf6219ef9,Shiva Shambho Shambho Shiva Shambho Mahadeva.pdf
Shiva Shankara Parvathi Ramana,Shiva Shankara Parvathi Ramana.pdf,sheets/Shiva Shankara Parvathi Ramana.pdf,1,True,259410,138055,46.78,optimized_lossless,True,visual identity verified,83d20a6dcfa1233fb14acd543f4bf902c7b3c07357d63a4ad8fbea746268d7f9,Shiva Shankara Parvathi Ramana.pdf
Shiva Shiva Hara Hara Bhola Maheshwara Shambho Shankara,Shiva Shiva Hara Hara Bhola Maheshwara Shambho Shankara.pdf,sheets/Shiva Shiva Hara Hara Bhola Maheshwara Shambho Shankara.pdf,2,True,474227,322603,31.97,optimized_lossless,True,visual identity verified,0f5c468157834e7f0fa360514a83dc779a5527733d015c77a476c4cfed555bda,Shiva Shiva Hara Hara Bhola Maheshwara Shambho Shankara.pdf
Shiva Shiva Shambho Hara Hara Shambho Sai Shambho Shankara,Shiva Shiva Shambho Hara Hara Shambho Sai Shambho Shankara.pdf,sheets/Shiva Shiva Shambho Hara Hara Shambho Sai Shambho Shankara.pdf,2,True,719535,514397,28.51,optimized_lossless,True,visual identity verified,8c074d5b9fa97e8074f8c31b0067b5b4bfc4118ccc722cb2f2016f1cffcadde1,Shiva Shiva Shambho Hara Hara Shambho Sai Shambho Shankara.pdf
Shiva Shiva Shambho Mahesha Girisha,Shiva Shiva Shambho Mahesha Girisha.pdf,sheets/Shiva Shiva Shambho Mahesha Girisha.pdf,1,True,374145,263360,29.61,optimized_lossless,True,visual identity verified,f100db8ed8c300abfd712189a42a68a52dd1c8d1509c1aa72b71c49502fb01cd,Shiva Shiva Shambho Mahesha Girisha.pdf
Shiva Shiva Shambho Tandava Priyakara,Shiva Shiva Shambho Tandava Priyakara.pdf,sheets/Shiva Shiva Shambho Tandava Priyakara.pdf,1,True,293580,203213,30.78,optimized_lossless,True,visual identity verified,ffb42897e8e98c94c328fa7662c851ba41a321da5815edb14a325cdbb39df6fb,Shiva Shiva Shambho Tandava Priyakara.pdf
Shiva Shiva Shankara Hara Parameshwara,Shiva Shiva Shankara Hara Parameshwara.pdf,sheets/Shiva Shiva Shankara Hara Parameshwara.pdf,1,True,277840,196018,29.45,optimized_lossless,True,visual identity verified,ef4d88d90b421a7268df28829d58b663cc985bb5241d273acfd76a7f7cdbb4c7,Shiva Shiva Shankara Hara Parameshwara.pdf
Shiva Shiva Shankara Parthi Pureeshwara,Shiva Shiva Shankara Parthi Pureeshwara.pdf,sheets/Shiva Shiva Shankara Parthi Pureeshwara.pdf,1,True,337629,240782,28.68,optimized_lossless,True,visual identity verified,c003ee4292582a374a515c61f068d2460057590c5ba336729c050ef62d31f847,Shiva Shiva Shankara Parthi Pureeshwara.pdf
Shiva Shiva Shiva Shiva Shirdi Pureeshwara Shambho Shankara Samba Shivom,Shiva Shiva Shiva Shiva Shirdi Pureeshwara Shambho Shankara Samba Shivom.pdf,sheets/Shiva Shiva Shiva Shiva Shirdi Pureeshwara Shambho Shankara Samba Shivom.pdf,2,True,416330,285802,31.35,optimized_lossless,True,visual identity verified,aa4b243e4bc9bb2832d7a673b2a4ad006cfac9a18c438b9ef61d5c5b1b08ff89,Shiva Shiva Shiva Shiva Shirdi Pureeshwara Shambho Shankara Samba Shivom.pdf
Shiva Shiva Shiva Shiva Shivaya Namah Om,Shiva Shiva Shiva Shiva Shivaya Namah Om.pdf,sheets/Shiva Shiva Shiva Shiva Shivaya Namah Om.pdf,1,True,373265,260710,30.15,optimized_lossless,True,visual identity verified,66cd24bab5a7c23c1c624c113fb3482363f90e891e095300cca33af26aee43c1,Shiva Shiva Shiva Shiva Shivaya Namah Om.pdf
Shiva Shiva Shiva Shiva Shivaya Namah Om… Om Namah Shivaya,Shiva Shiva Shiva Shiva Shivaya Namah Om… Om Namah Shivaya.pdf,sheets/Shiva Shiva Shiva Shiva Shivaya Namah Om… Om Namah Shivaya.pdf,1,True,373265,260710,30.15,optimized_lossless,True,visual identity verified,e49b3ce664b08c031a5653b9a55526d9b4d6a2838e1239e67dcffe01c5c3813f,Shiva Shiva Shiva Shiva Shivaya Namah Om… Om Namah Shivaya.pdf
Shiva Shiva Shivaya Namah Om,Shiva Shiva Shivaya Namah Om.pdf,sheets/Shiva Shiva Shivaya Namah Om.pdf,1,True,394655,185898,52.9,optimized_lossless,True,visual identity verified,e3342d7ec39af73531bb2e5fcda1d930af13c1cf553670d446573735b42ff9e6,Shiva Shiva Shivaya Namah Om.pdf
Shivaya Namah Shiva Shivaya Namah Shiva Shivaya Namah Om Namah Shivaya,Shivaya Namah Shiva Shivaya Namah Shiva Shivaya Namah Om Namah Shivaya.pdf,sheets/Shivaya Namah Shiva Shivaya Namah Shiva Shivaya Namah Om Namah Shivaya.pdf,1,True,321852,166837,48.16,optimized_lossless,True,visual identity verified,208c0618055c7693006222c4952ca889901b9e4939bccf859faaff87c06684f8,Shivaya Namah Shiva Shivaya Namah Shiva Shivaya Namah Om Namah Shivaya.pdf
Shivaya Parameshwaraya Chandrashekaraya Namah Om,Shivaya Parameshwaraya Chandrashekaraya Namah Om.pdf,sheets/Shivaya Parameshwaraya Chandrashekaraya Namah Om.pdf,1,True,395819,184873,53.29,optimized_lossless,True,visual identity verified,60ebafa70c1877a55d899cfdb8d622f28b3e7a9d41e99f9441897a9a50c7e1d9,Shivaya Parameshwaraya Chandrashekaraya Namah Om.pdf
Shuklambara Dharam Ganapathi Mantram,Shuklambara Dharam Ganapathi Mantram.pdf,sheets/Shuklambara Dharam Ganapathi Mantram.pdf,1,True,236323,166101,29.71,optimized_lossless,True,visual identity verified,dbf703b06922df4b2cf7ffdbdbbbb83a0aa46f492e98cea61be5bdc1aa5ab480,Shuklambara Dharam Ganapathi Mantram.pdf
Shyama Murari Ayo Rey,Shyama Murari Ayo Rey.pdf,sheets/Shyama Murari Ayo Rey.pdf,1,True,332709,232503,30.12,optimized_lossless,True,visual identity verified,39a0e9ee9844edccc67b58240ad314d0c45cc6be3ae99917f6623ca5f8d1bd00,Shyama Murari Ayo Rey.pdf
Shyama Sundara Hari Govinda Bolo,Shyama Sundara Hari Govinda Bolo.pdf,sheets/Shyama Sundara Hari Govinda Bolo.pdf,2,True,469166,326026,30.51,optimized_lossless,True,visual identity verified,30590f1867fa85b59724e69dc3dfd08dfb0432890ad41387e1121c74d58edb20,Shyama Sundara Hari Govinda Bolo.pdf
Shyama Sundara Madana Mohana,Shyama Sundara Madana Mohana.pdf,sheets/Shyama Sundara Madana Mohana.pdf,1,True,299342,155331,48.11,optimized_lossless,True,visual identity verified,e3cab7b6ef321a31310117b793c40138926a32a2e7b9e29fbee4b0e9538d7e01,Shyama Sundara Madana Mohana.pdf
Shyama Sundara Madana Mohana Radhey Gopal,Shyama Sundara Madana Mohana Radhey Gopal.pdf,sheets/Shyama Sundara Madana Mohana Radhey Gopal.pdf,1,True,331745,229656,30.77,optimized_lossless,True,visual identity verified,ea6e1984e0404c83c213a341e24405ef7a16f8a46d047e11755a3478454d2022,Shyama Sundara Madana Mohana Radhey Gopal.pdf
Shyamala Komala Krishna Murari (2),Shyamala Komala Krishna Murari (2).pdf,sheets/Shyamala Komala Krishna Murari (2).pdf,2,True,587281,400425,31.82,optimized_lossless,True,visual identity verified,7df26f10a5039cb86a145fbe4de7e9387e0fbcf9c7ae12e0c2fb763f5e7d376b,Shyamala Komala Krishna Murari (2).pdf
Siddhi Vinayaka Paahi Gajanana,Siddhi Vinayaka Paahi Gajanana.pdf,sheets/Siddhi Vinayaka Paahi Gajanana.pdf,1,True,276137,192412,30.32,optimized_lossless,True,visual identity verified,36510bd821d9a439e1689353c7ca452828b68fd1f7d4749f2061e05240973a91,Siddhi Vinayaka Paahi Gajanana.pdf
Simha Vahini Sai Narayani,Simha Vahini Sai Narayani.pdf,sheets/Simha Vahini Sai Narayani.pdf,1,True,293981,154586,47.42,optimized_lossless,True,visual identity verified,a469f7e75c945e400fb831c132c431051daeb89aae40ba6986dcd37ad38fd9e3,Simha Vahini Sai Narayani.pdf
Sita Ram Bolo Bolo Sita Ram Radhey Shyam Bolo Bolo Radhey Shyam,Sita Ram Bolo Bolo Sita Ram Radhey Shyam Bolo Bolo Radhey Shyam.pdf,sheets/Sita Ram Bolo Bolo Sita Ram Radhey Shyam Bolo Bolo Radhey Shyam.pdf,1,True,293149,203136,30.71,optimized_lossless,True,visual identity verified,4e9c978a44889b9c85d9d585ba65376f13fd267615a44cec2ed010a7532a43a9,Sita Ram Bolo Bolo Sita Ram Radhey Shyam Bolo Bolo Radhey Shyam.pdf
Sita Ram Naam Bhajo,Sita Ram Naam Bhajo.pdf,sheets/Sita Ram Naam Bhajo.pdf,1,True,233922,164664,29.61,optimized_lossless,True,visual identity verified,e813f533f72845fd1d289fd2d7749aa15e54063264b50c8541389e215cc3fa46,Sita Ram Naam Bhajo.pdf
Sita Rama Sri Raghu Rama,Sita Rama Sri Raghu Rama.pdf,sheets/Sita Rama Sri Raghu Rama.pdf,1,True,244537,173760,28.94,optimized_lossless,True,visual identity verified,2ba900fbf9c53dc7122cc9704c6b21d5bd3035dfdaca7c56a3c5d8a687a375d4,Sita Rama Sri Raghu Rama.pdf
Soham Soham Dhyan Karo,Soham Soham Dhyan Karo.pdf,sheets/Soham Soham Dhyan Karo.pdf,1,True,331880,229613,30.81,optimized_lossless,True,visual identity verified,bdd07b282b94a7244a19cac666d149f31c7ae7e42855f802c4d7c64e4ba12762,Soham Soham Dhyan Karo.pdf
Sri Ganapathi Hari Om,Sri Ganapathi Hari Om.pdf,sheets/Sri Ganapathi Hari Om.pdf,1,True,425707,225138,47.11,optimized_lossless,True,visual identity verified,83b4e1f6d8a2c6b8a892b48761e125f8747a522b4623d4d48dbf503db01a7467,Sri Ganapathi Hari Om.pdf
Sri Ganesha Sri Ganesha Sri Ganesha Paahi Maam,Sri Ganesha Sri Ganesha Sri Ganesha Paahi Maam.pdf,sheets/Sri Ganesha Sri Ganesha Sri Ganesha Paahi Maam.pdf,1,True,432458,257142,40.54,optimized_lossless,True,visual identity verified,80e5ef818c8dc353c4de3b6aafd90a329624f35c009ed5d9f9a031783b23b371,Sri Ganesha Sri Ganesha Sri Ganesha Paahi Maam.pdf
Sri Ganesha Vinayaka,Sri Ganesha Vinayaka.pdf,sheets/Sri Ganesha Vinayaka.pdf,1,True,315415,205244,34.93,optimized_lossless,True,visual identity verified,65a107488c38d00c6b38e1165f05c063cfa3233ee8c90e5ea698c618348c94ab,Sri Ganesha Vinayaka.pdf
Sri Guru Parthi Vasa,Sri Guru Parthi Vasa.pdf,sheets/Sri Guru Parthi Vasa.pdf,1,True,290039,199113,31.35,optimized_lossless,True,visual identity verified,d94b3ff2bec66b2cfc08ff8497d4379a493bb6807b662b4c156cd14f887509d7,Sri Guru Parthi Vasa.pdf
Sri Lakshmi Ramana Narayana,Sri Lakshmi Ramana Narayana.pdf,sheets/Sri Lakshmi Ramana Narayana.pdf,1,True,438581,235188,46.38,optimized_lossless,True,visual identity verified,4628a202f17172fc704e30f5afaa47b3020427d21754a473aebc930ba6786fd0,Sri Lakshmi Ramana Narayana.pdf
Sri Raghu Nandana Dasharatha Nandana-Sheet-Music,Sri Raghu Nandana Dasharatha Nandana-Sheet-Music.pdf,sheets/Sri Raghu Nandana Dasharatha Nandana-Sheet-Music.pdf,1,True,357577,194024,45.74,optimized_lossless,True,visual identity verified,a0a5c35bc3bd96f6b7e64237ed762323f0957d735129201fca9d6e45ca22f39c,Sri Raghu Nandana Dasharatha Nandana-Sheet-Music.pdf
Sri Raghu Nandana Janaki Jeevana,Sri Raghu Nandana Janaki Jeevana.pdf,sheets/Sri Raghu Nandana Janaki Jeevana.pdf,1,True,439515,237908,45.87,optimized_lossless,True,visual identity verified,eb458c994bf3e43dcb1c3bdfd102129651b9d3c266e6fe29e2dad3721778011b,Sri Raghu Nandana Janaki Jeevana.pdf
Sri Raghu Nandana Rama Harey,Sri Raghu Nandana Rama Harey.pdf,sheets/Sri Raghu Nandana Rama Harey.pdf,1,True,248559,176210,29.11,optimized_lossless,True,visual identity verified,8fde180a6466f7242ed1a06c99c56013e83cf1e27c7e0a09a259d5b17b0d08b9,Sri Raghu Nandana Rama Harey.pdf
Sri Raghu Nandana Sita Rama,Sri Raghu Nandana Sita Rama.pdf,sheets/Sri Raghu Nandana Sita Rama.pdf,1,True,385805,210099,45.54,optimized_lossless,True,visual identity verified,a46c95da81736ebed74144ceb24e22b2c5cbe899fbf336d22f0aa61c19f23e43,Sri Raghu Nandana Sita Rama.pdf
Sri Ram Jaya Ram Jaya Jaya Ram,Sri Ram Jaya Ram Jaya Jaya Ram.pdf,sheets/Sri Ram Jaya Ram Jaya Jaya Ram.pdf,1,True,276804,194535,29.72,optimized_lossless,True,visual identity verified,1497ad7a4e8caef1d96cd16c193486aa43d828e942b5778407b14c49dabcd822,Sri Ram Jaya Ram Jaya Jaya Ram.pdf
Sri Ram Jaya Ram Jaya Jaya Ram Janaki Jeevana Ram,Sri Ram Jaya Ram Jaya Jaya Ram Janaki Jeevana Ram.pdf,sheets/Sri Ram Jaya Ram Jaya Jaya Ram Janaki Jeevana Ram.pdf,1,True,276804,194535,29.72,optimized_lossless,True,visual identity verified,1497ad7a4e8caef1d96cd16c193486aa43d828e942b5778407b14c49dabcd822,Sri Ram Jaya Ram Jaya Jaya Ram Janaki Jeevana Ram.pdf
Sri Rama Charanam Sri Rama Charanam Sri Rama Charanam Bhajey (2),Sri Rama Charanam Sri Rama Charanam Sri Rama Charanam Bhajey (2).pdf,sheets/Sri Rama Charanam Sri Rama Charanam Sri Rama Charanam Bhajey (2).pdf,2,True,428632,288972,32.58,optimized_lossless,True,visual identity verified,a6a9b2a1efe12af35f3279aac2c955d5b09bdaedd2aaaafd1527649a6d5f18f4,Sri Rama Charanam Sri Rama Charanam Sri Rama Charanam Bhajey (2).pdf
Sri Rama Jaya Rama Dasharathe Jaya Raghu Rama,Sri Rama Jaya Rama Dasharathe Jaya Raghu Rama.pdf,sheets/Sri Rama Jaya Rama Dasharathe Jaya Raghu Rama.pdf,2,True,390124,274433,29.65,optimized_lossless,True,visual identity verified,86c27cdb86c4ea9dbccce4f1be5e012bb7006999e9ba8eabf3f6ccb92bf19335,Sri Rama Jaya Rama Dasharathe Jaya Raghu Rama.pdf
Sri Rama Jaya Rama Jaya Jaya Ram,Sri Rama Jaya Rama Jaya Jaya Ram.pdf,sheets/Sri Rama Jaya Rama Jaya Jaya Ram.pdf,1,True,333392,229300,31.22,optimized_lossless,True,visual identity verified,ac84a35d9737c171bb797c376514822538a862259467102570da7fbc9113176a,Sri Rama Jaya Rama Jaya Jaya Ram.pdf
Sri Rama Jaya Rama Jaya Jaya Ram Govinda Gopala Hey Ghanashyam,Sri Rama Jaya Rama Jaya Jaya Ram Govinda Gopala Hey Ghanashyam.pdf,sheets/Sri Rama Jaya Rama Jaya Jaya Ram Govinda Gopala Hey Ghanashyam.pdf,1,True,333392,229300,31.22,optimized_lossless,True,visual identity verified,ac84a35d9737c171bb797c376514822538a862259467102570da7fbc9113176a,Sri Rama Jaya Rama Jaya Jaya Ram Govinda Gopala Hey Ghanashyam.pdf
Sri Rama Jaya Rama Jaya-Sheet-Music,Sri Rama Jaya Rama Jaya-Sheet-Music.pdf,sheets/Sri Rama Jaya Rama Jaya-Sheet-Music.pdf,1,True,333392,229300,31.22,optimized_lossless,True,visual identity verified,309853774d9d6641dcfaeb79186d951023cd6a67689a456a534cfb103c17746d,Sri Rama Jaya Rama Jaya-Sheet-Music.pdf
Sri Rama Rama Ram Yadu Nandana Hey Ghana Shyam,Sri Rama Rama Ram Yadu Nandana Hey Ghana Shyam.pdf,sheets/Sri Rama Rama Ram Yadu Nandana Hey Ghana Shyam.pdf,2,True,369266,250997,32.03,optimized_lossless,True,visual identity verified,195b43c71842b53f584e3c41f0c75942ee5071e5c27165240a9dabfd6b78103e,Sri Rama Rama Ram Yadu Nandana Hey Ghana Shyam.pdf
Sri Rama Rama Rama Raghuveera Rama Ram,Sri Rama Rama Rama Raghuveera Rama Ram.pdf,sheets/Sri Rama Rama Rama Raghuveera Rama Ram.pdf,1,True,296533,155018,47.72,optimized_lossless,True,visual identity verified,7875c2ad233b9c7e760193042f22efa65cd89b575a490bf772350926aa6407b7,Sri Rama Rama Rama Raghuveera Rama Ram.pdf
Sri Ramachandra Jaya Ramachandra,Sri Ramachandra Jaya Ramachandra.pdf,sheets/Sri Ramachandra Jaya Ramachandra.pdf,2,True,545900,276855,49.28,optimized_lossless,True,visual identity verified,309c9f0174b41df172dfb148cc1fcb8966f4d8c9e21f9b2e8fa8babff563556a,Sri Ramachandra Jaya Ramachandra.pdf
Sri Ranga Harey Vittala Sai Ranga Harey Vittala,Sri Ranga Harey Vittala Sai Ranga Harey Vittala.pdf,sheets/Sri Ranga Harey Vittala Sai Ranga Harey Vittala.pdf,1,True,293516,201873,31.22,optimized_lossless,True,visual identity verified,11242d34795a086f7b5f90f743a5db05350bcd7162d9ec45df432928aa53c44c,Sri Ranga Harey Vittala Sai Ranga Harey Vittala.pdf
Sri Ranga Sri Ranga Ranga Ranga Sri Ranga (2),Sri Ranga Sri Ranga Ranga Ranga Sri Ranga (2).pdf,sheets/Sri Ranga Sri Ranga Ranga Ranga Sri Ranga (2).pdf,1,True,299221,157081,47.5,optimized_lossless,True,visual identity verified,822ac444b8a48ce10a6894a8090b814d8991847b6844a8b5aebdd141b5f626dd,Sri Ranga Sri Ranga Ranga Ranga Sri Ranga (2).pdf
Sri Sai Natha Guru Govinda,Sri Sai Natha Guru Govinda.pdf,sheets/Sri Sai Natha Guru Govinda.pdf,1,True,232995,161151,30.83,optimized_lossless,True,visual identity verified,f4b6b343bebb613d3b3780f4e0444e9e9e3db1b728eef42703c2c240d54be2c9,Sri Sai Natha Guru Govinda.pdf
Sri Sai Rama Sundara Naama,Sri Sai Rama Sundara Naama.pdf,sheets/Sri Sai Rama Sundara Naama.pdf,1,True,409896,194526,52.54,optimized_lossless,True,visual identity verified,93f52a3345e19f739bb682b69944d5d79a1ce89a35541e46958adc6c79a5ea96,Sri Sai Rama Sundara Naama.pdf
Srikari Krupakari Kshemankari Sayeeshwari,Srikari Krupakari Kshemankari Sayeeshwari.pdf,sheets/Srikari Krupakari Kshemankari Sayeeshwari.pdf,2,True,436938,216913,50.36,optimized_lossless,True,visual identity verified,63520152e67ef9a2f3f8b4b8729f595cc09b278e8f4af6efe5fbd82374fde71f,Srikari Krupakari Kshemankari Sayeeshwari.pdf
Srinivasa Govinda Sri Venkatesha Govinda,Srinivasa Govinda Sri Venkatesha Govinda.pdf,sheets/Srinivasa Govinda Sri Venkatesha Govinda.pdf,2,True,438314,220476,49.7,optimized_lossless,True,visual identity verified,1c05ab58610af22d5a903a7412c5bc5e683434adf51de5b11bdb3a9f2c09a180,Srinivasa Govinda Sri Venkatesha Govinda.pdf
Srinivasa Sri Venkatesha,Srinivasa Sri Venkatesha.pdf,sheets/Srinivasa Sri Venkatesha.pdf,1,True,374383,200017,46.57,optimized_lossless,True,visual identity verified,c2ee85a90be519ee7b5debad844453209ceba7b1b115eb105eb35db1f1d15dc5,Srinivasa Sri Venkatesha.pdf
Srinivasa Venkatesha,Srinivasa Venkatesha.pdf,sheets/Srinivasa Venkatesha.pdf,1,True,431293,204325,52.63,optimized_lossless,True,visual identity verified,71ba6d1ddd3b3fc39d25386c12b39053e2f738ab3d6859011a50108b58888607,Srinivasa Venkatesha.pdf
Subah Aur Shyam Bol Hari Naam,Subah Aur Shyam Bol Hari Naam.pdf,sheets/Subah Aur Shyam Bol Hari Naam.pdf,2,True,384360,265056,31.04,optimized_lossless,True,visual identity verified,c9d197ccec018ed8c96aa1cf3ab5d47cccc5163ced15134104b8d5a75284aeed,Subah Aur Shyam Bol Hari Naam.pdf
Sundara Mukha Sri Gajanana,Sundara Mukha Sri Gajanana.pdf,sheets/Sundara Mukha Sri Gajanana.pdf,2,True,504223,317186,37.09,optimized_lossless,True,visual identity verified,808a93c5212581100cc0e3242b94e2f398c1ae2eb37099472c043121175ab71d,Sundara Mukha Sri Gajanana.pdf
Sundara Shyam Nayanabhi Ram,Sundara Shyam Nayanabhi Ram.pdf,sheets/Sundara Shyam Nayanabhi Ram.pdf,1,True,277471,146432,47.23,optimized_lossless,True,visual identity verified,89acd2207ed8fc17591680da0b07c213a7574e2a9201e279b05182e4524e1bab,Sundara Shyam Nayanabhi Ram.pdf
Sundara Shyama Murari Sai,Sundara Shyama Murari Sai.pdf,sheets/Sundara Shyama Murari Sai.pdf,1,True,351480,245254,30.22,optimized_lossless,True,visual identity verified,7e293f7099e662b9b3f5c62867dbaad9ac34473157f497e6430e30898ca9039c,Sundara Shyama Murari Sai.pdf
Sundara Sundara Nachey Sundara Sai Ghana Shyam,Sundara Sundara Nachey Sundara Sai Ghana Shyam.pdf,sheets/Sundara Sundara Nachey Sundara Sai Ghana Shyam.pdf,2,True,404860,275124,32.04,optimized_lossless,True,visual identity verified,0628bc4a7798c37d822ab860de437f70b4a215becebf848d370d50c4b217591b,Sundara Sundara Nachey Sundara Sai Ghana Shyam.pdf
Sundara Sundara Vinayaka,Sundara Sundara Vinayaka.pdf,sheets/Sundara Sundara Vinayaka.pdf,2,True,524741,330667,36.98,optimized_lossless,True,visual identity verified,8f63867eb82cb534c9f701bf5ca573c8c22479c95385adbda2deabdcf08e9857,Sundara Sundara Vinayaka.pdf
Sundara Vadana Sarasija Nayana,Sundara Vadana Sarasija Nayana.pdf,sheets/Sundara Vadana Sarasija Nayana.pdf,2,True,632569,437505,30.84,optimized_lossless,True,visual identity verified,e66bbd793cfd24c33936dd7cb4983e872e6af1d7bafe79b3fa96089ee2c72661,Sundara Vadana Sarasija Nayana.pdf
Sundara Vadani Suguna Manohari,Sundara Vadani Suguna Manohari.pdf,sheets/Sundara Vadani Suguna Manohari.pdf,2,True,448745,225369,49.78,optimized_lossless,True,visual identity verified,a262a8ab37ee542abf20028fc19d6a706db17097d98aeb3634a9ecb17117f3e3,Sundara Vadani Suguna Manohari.pdf
Terey Siwa Prabhu Koi Nahin Hai Tujko Mera Pranam,Terey Siwa Prabhu Koi Nahin Hai Tujko Mera Pranam.pdf,sheets/Terey Siwa Prabhu Koi Nahin Hai Tujko Mera Pranam.pdf,2,True,483629,334150,30.91,optimized_lossless,True,visual identity verified,329d9d42ba6b91026bcd58050dfc178a9551d596725948a1c98315803701b2c8,Terey Siwa Prabhu Koi Nahin Hai Tujko Mera Pranam.pdf
Triloka Palini Jagadeeshwari,Triloka Palini Jagadeeshwari.pdf,sheets/Triloka Palini Jagadeeshwari.pdf,1,True,348088,184847,46.9,optimized_lossless,True,visual identity verified,c34daffaf272eeacd32f987ecec77d6a81cae43375f2960357eca5df9791b5f4,Triloka Palini Jagadeeshwari.pdf
Tripura Sundari Ma Amba Daya Sagari Ma,Tripura Sundari Ma Amba Daya Sagari Ma.pdf,sheets/Tripura Sundari Ma Amba Daya Sagari Ma.pdf,2,True,492832,255530,48.15,optimized_lossless,True,visual identity verified,2b330ab0dcba337248ba6634865a053265f34f9fa73c4800430609f16aba8b2b,Tripura Sundari Ma Amba Daya Sagari Ma.pdf
Tripurari Shiva Shankara,Tripurari Shiva Shankara.pdf,sheets/Tripurari Shiva Shankara.pdf,1,True,275226,146706,46.7,optimized_lossless,True,visual identity verified,e1d9a2e435d64dd397c121b9ed0aeed01052cbcdaffe294ac7db679465088f0f,Tripurari Shiva Shankara.pdf
Tum Bin Pran Nahin O Sai Merey,Tum Bin Pran Nahin O Sai Merey.pdf,sheets/Tum Bin Pran Nahin O Sai Merey.pdf,2,True,415735,290248,30.18,optimized_lossless,True,visual identity verified,6362f726fbf35b698e6579f047944a75ef11b616e6d7f59200d10a212f53b6ef,Tum Bin Pran Nahin O Sai Merey.pdf
Tum Ho Anatha Nath Bhagawan,Tum Ho Anatha Nath Bhagawan.pdf,sheets/Tum Ho Anatha Nath Bhagawan.pdf,1,True,368355,254752,30.84,optimized_lossless,True,visual identity verified,ecd80964fb41dfe66ef4f0d274980e51295d8b07c3af58d6a1c16152af40b1ab,Tum Ho Anatha Nath Bhagawan.pdf
Tum Ho Daata Sai Shankara,Tum Ho Daata Sai Shankara.pdf,sheets/Tum Ho Daata Sai Shankara.pdf,1,True,341574,239341,29.93,optimized_lossless,True,visual identity verified,6a6535aae9f21339bc22c028c9db7040c9d96f5e59aad9a1fec40d1d1e5bae79,Tum Ho Daata Sai Shankara.pdf
Tum Ho Ram Tum Ho Shyam,Tum Ho Ram Tum Ho Shyam.pdf,sheets/Tum Ho Ram Tum Ho Shyam.pdf,1,True,299613,207515,30.74,optimized_lossless,True,visual identity verified,ba762e02da9e2ba6814e82f863b75443a15e1dabfdc4e9678d60d05f953c5684,Tum Ho Ram Tum Ho Shyam.pdf
Tum Ho Vighna Vinasha Ganesha (3),Tum Ho Vighna Vinasha Ganesha (3).pdf,sheets/Tum Ho Vighna Vinasha Ganesha (3).pdf,1,True,351261,235345,33.0,optimized_lossless,True,visual identity verified,4e7863b0bdb84644047053730f282eda398814db333d8db70e211d4f45518cf5,Tum Ho Vighna Vinasha Ganesha (3).pdf
Vahey Guru Vahey Guru Vahey Guru Ji Bolo,Vahey Guru Vahey Guru Vahey Guru Ji Bolo.pdf,sheets/Vahey Guru Vahey Guru Vahey Guru Ji Bolo.pdf,2,True,593797,295625,50.21,optimized_lossless,True,visual identity verified,2779ab2c563d0eb2cd7d1fb8df776a9e36e0bb98bfe69026e4a2095586b7b28c,Vahey Guru Vahey Guru Vahey Guru Ji Bolo.pdf
Vaidehi Priya Vaikunta Rama,Vaidehi Priya Vaikunta Rama.pdf,sheets/Vaidehi Priya Vaikunta Rama.pdf,1,True,378001,201314,46.74,optimized_lossless,True,visual identity verified,e71c179b36437a3bc6c9b7aa306c34f1d0bba631d0a52de72706bd67d7513c27,Vaidehi Priya Vaikunta Rama.pdf
Vaijayanti Dhara Vanamala Dhara,Vaijayanti Dhara Vanamala Dhara.pdf,sheets/Vaijayanti Dhara Vanamala Dhara.pdf,1,True,304950,165989,45.57,optimized_lossless,True,visual identity verified,fa497297c2f01814aca1266070235f43bf062b2b3cdf46dca8f1154b0f7fb6d7,Vaijayanti Dhara Vanamala Dhara.pdf
Vaikuntapathey Narayana,Vaikuntapathey Narayana.pdf,sheets/Vaikuntapathey Narayana.pdf,1,True,302384,161701,46.52,optimized_lossless,True,visual identity verified,b4f7fa131dc9cc0d0f55803d5d5452a4245442debbe99e02b5188049d5b97422,Vaikuntapathey Narayana.pdf
Vaikuntapathey Sai Harey,Vaikuntapathey Sai Harey.pdf,sheets/Vaikuntapathey Sai Harey.pdf,1,True,322471,175510,45.57,optimized_lossless,True,visual identity verified,8603a3db4bf95bde5875884b355fc20e69b151260e04f3271acbd94c3a47db3e,Vaikuntapathey Sai Harey.pdf
Vanamali Radha Ramana Giridhari Govinda,Vanamali Radha Ramana Giridhari Govinda.pdf,sheets/Vanamali Radha Ramana Giridhari Govinda.pdf,2,True,480677,237085,50.68,optimized_lossless,True,visual identity verified,7529f94912998c7049f601695b8245e57eb0708d062ff90e6ddc41cbdaa9df90,Vanamali Radha Ramana Giridhari Govinda.pdf
Vanamali Vasudeva Jaganmohana Radha Ramana,Vanamali Vasudeva Jaganmohana Radha Ramana.pdf,sheets/Vanamali Vasudeva Jaganmohana Radha Ramana.pdf,2,True,505206,338045,33.09,optimized_lossless,True,visual identity verified,debf863c018ea1f1aeb6b152cbca3f187b2022025e40aff68a43b2a8be28bec9,Vanamali Vasudeva Jaganmohana Radha Ramana.pdf
Vande Uma Nandanam Gajananam,Vande Uma Nandanam Gajananam.pdf,sheets/Vande Uma Nandanam Gajananam.pdf,1,True,321689,208971,35.04,optimized_lossless,True,visual identity verified,48e7e409c68484bc10330ea2ec57b8a386c809396d66cbf5efd1058e4de182cd,Vande Uma Nandanam Gajananam.pdf
Vayu Kumara Vanara Veera,Vayu Kumara Vanara Veera.pdf,sheets/Vayu Kumara Vanara Veera.pdf,1,True,300106,158265,47.26,optimized_lossless,True,visual identity verified,f586f36ba4f55ec429df85b7fa67b700b0c30222626e097993a8ed6038b9bd06,Vayu Kumara Vanara Veera.pdf
Veera Dheera Shoora Hanuman Ki Jai,Veera Dheera Shoora Hanuman Ki Jai.pdf,sheets/Veera Dheera Shoora Hanuman Ki Jai.pdf,2,True,498477,251450,49.56,optimized_lossless,True,visual identity verified,278a2127e74ca04b1b3ef39da8e958267a0fcf7cdee1e182e77586645b131a86,Veera Dheera Shoora Hanuman Ki Jai.pdf
Veera Maruti Gambhira Maruti,Veera Maruti Gambhira Maruti.pdf,sheets/Veera Maruti Gambhira Maruti.pdf,2,True,575001,290147,49.54,optimized_lossless,True,visual identity verified,0fc95b7a7d0a60f85b8a18782c0e70168228e59e39e1387646784ccb2ecc57e6,Veera Maruti Gambhira Maruti.pdf
Vibhuti Sundara Sai Nath,Vibhuti Sundara Sai Nath.pdf,sheets/Vibhuti Sundara Sai Nath.pdf,1,True,281397,149173,46.99,optimized_lossless,True,visual identity verified,a238ee9d4ee0176b2218952f9f8a9881843cf9c0b716204922391d936b05b9ca,Vibhuti Sundara Sai Nath.pdf
Vidya Dayini Bhagavathi,Vidya Dayini Bhagavathi.pdf,sheets/Vidya Dayini Bhagavathi.pdf,1,True,336169,175627,47.76,optimized_lossless,True,visual identity verified,81d98712ebe91091b1f31e2c1da33b14d4113d53a99a9b6bf327e4376de72b86,Vidya Dayini Bhagavathi.pdf
Vighna Vinashaka Devadi Deva,Vighna Vinashaka Devadi Deva.pdf,sheets/Vighna Vinashaka Devadi Deva.pdf,1,True,409778,218306,46.73,optimized_lossless,True,visual identity verified,4a996bcd8073a4620d1ce8a20d33421e48975f5591b1c60a3bf7529a2aff4092,Vighna Vinashaka Devadi Deva.pdf
Vighna Vinashaka Gananatha,Vighna Vinashaka Gananatha.pdf,sheets/Vighna Vinashaka Gananatha.pdf,1,True,368014,194690,47.1,optimized_lossless,True,visual identity verified,c545e522b62a19679edf74a550e58ffddf39ec404602212b64d0fd2739011f3b,Vighna Vinashaka Gananatha.pdf
Vighneshwara Gananatha Gajanana,Vighneshwara Gananatha Gajanana.pdf,sheets/Vighneshwara Gananatha Gajanana.pdf,1,True,415335,222110,46.52,optimized_lossless,True,visual identity verified,56bed53782f69761ab657e308d4eb6e36867afd1719218b71a8c5839b7c8260a,Vighneshwara Gananatha Gajanana.pdf
Vighneshwara Vinayaka,Vighneshwara Vinayaka.pdf,sheets/Vighneshwara Vinayaka.pdf,1,True,368182,257741,30.0,optimized_lossless,True,visual identity verified,ffc082447441d986191cd5a0eaf4724fe6b875a69957b82d944c82ca7a1e599e,Vighneshwara Vinayaka.pdf
Vighneshwaram Bhajorey Manasa Vighna Haram Bhajorey (2),Vighneshwaram Bhajorey Manasa Vighna Haram Bhajorey (2).pdf,sheets/Vighneshwaram Bhajorey Manasa Vighna Haram Bhajorey (2).pdf,1,True,380557,203946,46.41,optimized_lossless,True,visual identity verified,d84b7f09e3cff4dc17ec895a6168924680a2fbf70eebb3d6f7817bb5b4cbc148,Vighneshwaram Bhajorey Manasa Vighna Haram Bhajorey (2).pdf
Vinati Suno Merey Sai Bhagawan,Vinati Suno Merey Sai Bhagawan.pdf,sheets/Vinati Suno Merey Sai Bhagawan.pdf,1,True,323166,224929,30.4,optimized_lossless,True,visual identity verified,b06278b31a56e0b18363fb1eb597f1624498746457b0cafe53b84e6bcce52a31,Vinati Suno Merey Sai Bhagawan.pdf
Vinayaka Vighna Nashaka,Vinayaka Vighna Nashaka.pdf,sheets/Vinayaka Vighna Nashaka.pdf,1,True,305230,161037,47.24,optimized_lossless,True,visual identity verified,b1ed4bd78d7babae2466c535959e943215d35f5c5c22e58c7d8e634bee3b633e,Vinayaka Vighna Nashaka.pdf
Vinayaka Vinayaka,Vinayaka Vinayaka.pdf,sheets/Vinayaka Vinayaka.pdf,1,True,290282,201970,30.42,optimized_lossless,True,visual identity verified,fe3832a17b86f8e869315a61b79fc4cb21abcb92d3955d3fee4ab699463c2ac4,Vinayaka Vinayaka.pdf
Vinayaka Vinayaka-Sheet-Music,Vinayaka Vinayaka-Sheet-Music.pdf,sheets/Vinayaka Vinayaka-Sheet-Music.pdf,1,True,290282,201970,30.42,optimized_lossless,True,visual identity verified,efdeb6b3ef0833b2cb3d619dd18833218e1057de06fbe82afba7541b014eaf77,Vinayaka Vinayaka-Sheet-Music.pdf
Vinayaka Vinayaka... Vishwadhara Vinayaka,Vinayaka Vinayaka... Vishwadhara Vinayaka.pdf,sheets/Vinayaka Vinayaka... Vishwadhara Vinayaka.pdf,1,True,290282,201970,30.42,optimized_lossless,True,visual identity verified,fe3832a17b86f8e869315a61b79fc4cb21abcb92d3955d3fee4ab699463c2ac4,Vinayaka Vinayaka... Vishwadhara Vinayaka.pdf
Vishnu Satchidananda Venu Gopala Bala,Vishnu Satchidananda Venu Gopala Bala.pdf,sheets/Vishnu Satchidananda Venu Gopala Bala.pdf,1,True,280554,197704,29.53,optimized_lossless,True,visual identity verified,5abf0af6901e7138996e91d60203c64a339c26b5a41622dd8b0df516373242b9,Vishnu Satchidananda Venu Gopala Bala.pdf
Vittala  Hari Vittala (3),Vittala  Hari Vittala (3).pdf,sheets/Vittala  Hari Vittala (3).pdf,1,True,301541,207052,31.34,optimized_lossless,True,visual identity verified,3c22310ed799f5ba56b13a32129e95a01060f9d06d44a35a414e1055cbeae3e8,Vittala  Hari Vittala (3).pdf
Vittala Bhajo Sai Vittala Bhajo (2),Vittala Bhajo Sai Vittala Bhajo (2).pdf,sheets/Vittala Bhajo Sai Vittala Bhajo (2).pdf,1,True,244137,170148,30.31,optimized_lossless,True,visual identity verified,8f76d2c5011b72835304f420f035a6c0c0c706aa05ea16d66316760c99bd9b02,Vittala Bhajo Sai Vittala Bhajo (2).pdf
Vittala Narayana,Vittala Narayana.pdf,sheets/Vittala Narayana.pdf,2,True,443878,302452,31.86,optimized_lossless,True,visual identity verified,2da068c48c0ddf692452c85876c2555d857e69be8ed45fa1ed2ff2748be24e76,Vittala Narayana.pdf
Yug Yug Ke Avatar Tum Hi Ho,Yug Yug Ke Avatar Tum Hi Ho.pdf,sheets/Yug Yug Ke Avatar Tum Hi Ho.pdf,1,True,341822,237810,30.43,optimized_lossless,True,visual identity verified,ba498f635a4d3404275a8a04c74a6de841cac9d45732f6b5f65cd21e3fdb4f00,Yug Yug Ke Avatar Tum Hi Ho.pdf
Yuga Avatara Sai Rama,Yuga Avatara Sai Rama.pdf,sheets/Yuga Avatara Sai Rama.pdf,2,True,427148,212130,50.34,optimized_lossless,True,visual identity verified,e15e043b5f1f2dfe4927bebd05f00e2621aae994e7ef432e47a1109e0de86578,Yuga Avatara Sai Rama.pdf
Yuga Yuga Ke Avatara Sai Rama Sai Krishna Sai Baba,Yuga Yuga Ke Avatara Sai Rama Sai Krishna Sai Baba.pdf,sheets/Yuga Yuga Ke Avatara Sai Rama Sai Krishna Sai Baba.pdf,2,True,389279,267308,31.33,optimized_lossless,True,visual identity verified,43551bf69913730adf79168ee36bb1bb55ba4c4577322752fe5411a0789829f6,Yuga Yuga Ke Avatara Sai Rama Sai Krishna Sai Baba.pdf
